paper_id,tsne_x,tsne_y,pca_x,pca_y,true_class
41495,-19.309502,0.054228928,-1.9604385,0.82974935,24
169172,-35.847572,-33.935444,-2.3574052,-1.0732889,30
138733,-9.661621,9.77438,-1.3857135,0.63829124,13
151513,-16.446962,-37.671234,-1.0205281,-0.6270625,3
19964,8.598964,-46.04429,-0.90395707,-2.1988127,37
27291,-46.86437,8.794204,-2.4727015,0.6081828,30
85444,-29.033674,-33.763836,-1.8778241,-0.46962255,6
74610,-57.291233,21.955946,-4.4974604,1.9725866,24
156364,50.65429,30.673742,9.078004,5.2401195,18
96744,28.672194,28.852879,4.877007,3.8964915,19
136926,-50.261654,24.635519,-3.5880404,2.5049524,16
140678,25.318102,19.12952,1.2839884,1.2503865,10
12615,50.08166,3.3178775,4.5951123,-1.673234,28
94894,36.844036,-25.70852,1.3205129,-3.7222178,9
154962,25.673384,-38.879898,1.0177866,-2.995629,2
102864,47.417747,23.852358,4.4116054,3.2513878,8
62145,-39.164486,-27.764652,-2.5104048,-1.7388606,30
101888,-5.397837,-39.96569,-0.06314623,-1.42588,26
110752,41.774323,11.977048,2.3060508,1.6463132,28
35045,-32.555664,23.826382,-1.7204168,2.982303,16
144838,-28.148624,22.569931,-1.0958935,2.619632,16
53278,-43.22318,27.54071,-2.7694278,2.6388323,16
39773,-17.555813,3.071463,-0.99869037,0.56673974,24
144891,46.014404,3.4000566,3.5497599,-0.5583808,28
124966,-35.097046,14.823285,-2.8602371,1.9894385,16
8875,-25.043308,-2.8789005,-2.127336,0.47446072,24
118974,-40.495193,13.756612,-2.3002846,1.3423698,16
53510,39.936848,22.069569,2.9235187,1.1441858,28
41028,20.572027,-21.391544,0.6855887,-1.519156,10
68491,23.993656,-6.8732944,3.6876974,-3.929291,5
141652,-46.323105,20.645006,-3.385735,2.5068722,16
151406,23.256113,16.909758,-0.025433064,1.3576231,8
37205,-18.612957,-1.3992623,-1.7336808,0.69772094,16
29975,-44.93077,30.440456,-3.6046476,2.6836615,16
116605,49.014473,15.710737,4.8466244,0.93881035,28
73726,-16.508373,39.257847,-1.4413139,0.9531917,27
154618,-41.972073,-8.575393,-0.36468017,2.3222508,25
120486,34.998585,21.783297,4.8272314,3.0507298,28
159045,-23.696346,-42.673122,-0.37714052,-1.9869466,38
75029,-29.555336,15.725082,-2.8448615,2.2883742,16
120380,-19.835917,36.90967,-0.8373036,0.6290952,10
167431,55.935814,16.753075,4.2416244,2.8129668,28
160683,-42.446354,-9.170008,-1.8350884,1.4963055,25
47545,-37.38924,15.4536085,-2.3450677,1.7117834,3
84232,23.58069,35.586235,3.0401435,0.7697892,28
17443,-9.006387,-43.407238,-0.055895925,-1.6249557,26
119044,13.941349,-44.47149,0.4180827,-3.18088,2
166766,-5.8335404,-17.984217,-0.9364433,-0.97590464,10
96218,1.5058626,38.445477,-1.1566132,0.74855644,24
127827,41.25907,19.128187,5.6613827,2.8576176,28
102814,59.439587,15.432273,10.607728,4.549036,28
65943,19.965012,-4.2483997,0.8511015,-1.5174882,36
11505,-42.280655,36.25931,-2.803123,1.7625341,16
100938,-8.562701,-11.523155,-1.0407414,-0.5855854,10
148277,-34.10847,-32.608723,-2.5944333,-1.1362231,30
71755,18.897089,-26.501741,0.9231831,-2.681667,36
39455,49.048573,-17.172352,1.4560019,-1.8626201,20
160591,-17.120243,10.001498,-1.7572062,1.4223794,5
154628,-13.01866,2.366473,-1.7793918,1.1206834,5
5860,-3.492787,-22.51027,-0.7952462,-1.493335,27
142155,45.0733,14.924183,5.074956,1.226681,28
103851,4.889923,-27.833729,-1.588657,-1.9305003,23
148029,-38.561306,10.668201,-2.6584218,2.0609207,16
29701,-42.329456,-24.15701,-1.6562421,-0.8802522,30
160702,-28.512478,-22.60174,-2.1996865,-0.17210191,30
94027,-8.528618,4.3364115,0.045029044,1.0219642,13
1109,-43.859375,28.669575,-2.957183,2.235289,16
98748,23.528578,2.3697293,1.7879893,0.7257925,4
16227,49.98699,7.8131905,5.4003105,1.0447673,28
88090,0.49264318,40.34113,-1.7835298,1.2306144,16
71802,55.19358,-4.740718,1.4168748,-1.1187456,9
57400,-4.0112157,30.446655,1.30717,0.8802968,19
127356,32.397797,23.786184,4.6355333,3.1389363,8
75154,-50.91624,26.179668,-3.4418712,2.9108496,16
72601,-53.10129,29.848513,-5.8473854,4.814199,16
52352,32.51611,22.90305,3.6563354,2.6643193,28
13861,-13.362678,-37.266727,-0.8244878,-0.18216974,26
11475,35.60762,-3.6119137,2.8887992,-1.5851774,34
61655,-31.369465,-22.416302,-2.2730598,-0.23322004,30
42426,-27.328003,15.973006,-2.061328,1.5061867,24
78822,-33.63299,-24.738735,-1.4180263,-0.46885866,30
94727,-29.74974,-23.067867,-2.2002826,-0.31506902,30
16450,15.913959,-1.3543342,0.66043127,-1.064877,3
108332,-42.80185,7.047138,-2.2920413,1.129302,30
129008,8.5009165,12.824521,1.693865,1.1105683,28
70225,41.525356,26.663918,5.302268,3.2028627,28
52264,-46.27909,22.746906,-2.4966507,1.3299139,16
42984,-20.77848,-1.622281,-2.6028342,0.19159874,24
59197,-20.11746,34.2734,-1.9181422,0.8313203,6
42975,-27.889584,28.476877,-1.2515268,0.8363819,16
72277,-46.64335,26.94353,-3.2031329,2.6284227,16
53669,-24.395954,-2.3364573,-1.6038134,0.37971076,30
74333,-35.830563,25.00654,-0.5771108,1.8220835,16
90797,12.685313,-8.154089,-0.64391065,-0.9838665,19
22051,36.54196,-9.957314,1.9445444,-2.1579547,34
115311,25.233246,-38.7262,0.8593575,-3.9539669,22
91108,-39.17049,32.24023,-3.0279236,2.2928073,27
160461,-1.4796385,1.4347042,-0.4559769,-1.3137412,0
115654,17.696299,33.32284,2.594749,2.5118268,28
26186,13.108821,16.880375,0.92840564,1.2083583,4
104520,17.488834,-22.277632,2.1222568,-0.43326908,36
111498,-55.988293,17.228008,-2.4324863,2.6546102,16
35372,-21.913965,-26.599794,-1.4767092,-0.5734095,24
6676,40.500088,29.257036,5.1730046,3.946458,28
147647,-29.126642,-21.618574,-1.5892805,-0.62852055,10
116997,31.751797,-15.736435,1.3215808,-2.5300007,36
29064,-13.363203,-31.686499,-2.111118,-2.0939734,24
90466,34.406124,26.559729,3.360273,2.5079794,28
109760,-11.1281595,29.240751,-1.8934331,0.042852044,24
158135,1.4445204,11.145135,-1.1973084,1.4929093,24
150138,-22.96849,7.626403,-2.1312888,1.5201074,4
101853,-18.701096,-29.238178,-1.2112417,-2.362021,31
100805,-16.20545,-29.103027,-1.5032328,-2.3309386,26
98772,-49.987747,24.931438,-3.9832087,2.832848,16
6095,-34.05238,-29.137716,-2.5824783,-0.9848011,30
7881,2.5575793,-46.417507,-0.96167535,-1.719531,37
19058,-11.14802,29.433544,-1.750904,-0.07073969,24
74368,27.534885,-32.913933,1.5232784,-2.8421905,2
25493,28.964813,22.631062,3.3526917,2.1845834,8
154711,-40.77049,-24.748077,-2.4675288,-1.068861,30
65778,29.464886,-17.332504,1.6703168,-3.5888245,34
21884,-16.333601,36.965607,-1.8562902,1.3309894,27
155168,-21.324526,-30.089163,-1.9768894,-0.99288625,30
87419,4.402274,22.917374,0.09991026,-1.096297,5
18483,-13.35732,11.552857,-0.03266442,0.4156997,18
29474,-41.89424,10.504474,-1.654378,2.1766121,16
129391,-25.312035,-16.615149,-2.1049836,-0.099015355,21
153860,-46.372692,7.468681,-2.994444,1.3835449,30
106494,-41.203327,-31.134264,-3.218791,-0.41871804,30
50994,0.21845423,-6.240917,-1.1455084,-0.6306779,24
37526,-11.29161,7.147757,-0.16856992,0.48573512,15
52040,51.29537,30.305601,6.7512045,4.1458054,28
75079,-37.211105,-30.314222,-2.4871368,-1.6889734,30
64131,-15.898738,31.623175,-1.8352847,0.9430939,13
103995,-24.44605,15.404829,-2.5714092,1.5003324,16
136307,-22.865759,35.171494,-2.5152693,0.28698593,27
109161,-12.963549,29.054157,-1.6546597,0.59911436,27
109045,-32.50972,9.807809,-2.8512492,1.9779186,16
4543,9.229617,-3.384266,-1.1885136,1.0526386,16
149825,-20.403894,-35.076603,-2.18249,-1.3523383,26
113026,-29.017443,17.10818,-2.9619834,1.9946213,16
42860,34.5077,21.279875,3.4344645,2.296705,8
167579,-30.509724,-23.011814,-2.3618758,-0.24469864,30
111391,-14.563292,-0.61167103,-1.4786776,1.0045573,16
14210,-2.6382282,-34.83695,0.25018442,-1.8553026,26
7592,55.1566,11.253202,4.435075,-0.20446593,28
138301,34.544666,-33.97846,2.2382994,-2.272176,33
47145,2.2887907,-11.30128,-1.2965467,-0.20743668,16
75389,31.55759,22.787014,3.848359,2.5732617,8
70011,56.044964,17.981483,2.5407047,2.1393325,28
38642,19.097902,30.79125,1.6359833,1.2616148,34
42801,57.76957,7.127243,2.7044206,1.2037244,28
13247,43.56384,28.58584,5.832163,3.6757717,28
143577,-11.212348,24.673847,-1.5488858,-0.21967047,24
17144,2.1022027,5.7052007,0.46196187,-0.74474746,24
80030,-30.686583,19.325994,-3.7425756,3.237834,16
128098,-13.643333,6.1189904,-1.2158097,0.5581304,24
157635,3.2848637,11.0623045,0.6728426,0.6965179,5
129441,-40.47108,16.699984,-2.5503826,0.52076125,30
107557,-24.266247,-29.377283,-2.1070092,-1.2427914,3
143187,16.472628,26.19883,1.4214338,1.7028637,19
55174,-1.603198,-24.876747,-0.63287246,-1.1925457,6
149618,-20.408262,38.56375,-0.7546505,0.9902882,27
49694,37.13076,31.411808,5.3615303,5.194724,28
116922,22.326769,30.108309,0.9399048,2.1443744,28
158858,58.84186,9.63557,2.4906583,3.6141696,28
158590,14.028035,-37.238995,0.45513177,-3.6209967,2
86182,0.27456263,-6.4509954,-0.8180645,-1.0096045,24
91536,-21.904211,35.167267,-1.7404618,0.5718034,10
105749,-22.748835,-11.807882,-1.4421726,-0.33596414,24
26888,-16.564732,6.41306,-1.4112843,0.99040735,24
56186,-28.024189,0.07986549,-1.9627811,1.1014348,24
147583,38.353043,-20.935621,2.104907,-2.0738974,34
37133,30.882887,17.036148,1.0820445,1.1935167,24
51201,-13.790192,32.875443,-2.4772053,0.8582345,24
3725,-17.388472,27.155237,-2.0157135,1.1134048,24
80108,-37.29486,17.088663,-1.9245589,1.8131616,16
134573,-6.4652724,-2.484299,-0.82645196,0.49970287,24
107401,14.860842,29.452204,-0.21040154,3.1448216,16
151190,-7.191669,26.399548,-0.32163346,-0.97578126,5
30877,40.786495,27.95505,5.461861,3.12328,28
89430,-28.191553,13.864314,-2.5492215,1.5730202,16
130933,33.455296,-17.6798,1.879151,-1.6159124,9
32926,8.098571,1.7318099,-0.6284747,-1.0611012,5
124510,37.241127,33.41935,6.132385,3.2779949,28
51424,-36.28623,-28.802801,-2.4697757,-1.8230617,30
165725,-13.059571,-34.61458,-2.114268,-3.218047,26
690,-42.558098,36.763794,-2.9138782,1.7584519,16
72314,-38.19626,31.2244,-3.0150166,2.4907522,16
126809,-7.946954,-17.85171,-1.5652003,-2.2025437,10
79356,-7.006413,-41.21775,0.6562928,-1.4235091,26
90934,33.59366,20.36537,3.3576002,2.0562453,8
39951,19.36742,-31.920376,0.05773878,-1.683955,29
46056,52.39433,13.388869,3.0225887,0.39192736,28
153624,17.639181,-1.8790883,-0.6815213,-1.447717,35
67158,38.82484,28.768682,1.8565515,3.5895588,28
89981,-19.03829,38.344566,-0.55578667,0.6763261,11
143425,34.6989,28.938786,4.34973,4.031575,28
91859,-42.723465,-24.742298,-2.33077,-1.446342,30
165892,-35.033123,14.435499,-3.0736418,2.2240784,16
23493,17.25008,-38.94206,-0.18960214,-4.181459,22
124873,26.222544,11.502602,1.6990062,0.7303502,8
114340,-23.403168,11.934666,-2.5363402,1.8103023,17
41344,10.624784,-3.49411,-1.1961,-0.6170251,32
147427,10.181288,21.833189,1.8081146,1.6581664,28
158985,45.42907,34.043434,9.500648,5.611342,28
112327,-16.91235,-7.801019,-1.5990998,-0.5752179,24
92369,-15.9502325,3.933799,-1.189147,-0.4209904,16
97901,-44.763657,31.22021,-3.3228912,2.4570632,16
53009,-36.36089,12.671781,-2.5424633,2.0377116,16
103360,-29.06113,-34.140297,-1.9763381,-1.2726331,10
161727,5.8536696,4.413995,0.81747186,-2.4746163,0
160213,-10.775547,39.65642,1.4125808,0.91085964,19
141336,17.705479,-18.470636,0.15927947,-3.1186376,36
78534,-43.934895,-33.402622,-4.3560443,-3.799826,30
99311,13.146154,16.909685,1.8231837,1.6660433,4
148696,18.808174,31.205713,1.7359811,2.1624904,28
23240,-4.2670584,-15.080636,-0.70183414,-0.93244344,10
114414,-9.784294,21.047647,-0.76544946,0.733337,21
154374,22.978449,-22.217762,4.023299,-2.9844158,36
150701,-40.282146,12.316268,-1.7970527,2.0641956,16
14133,-3.058445,24.545446,0.43013215,0.69522405,19
133827,35.12549,-14.574924,1.4879805,-1.4685376,34
97776,-15.310697,3.3379478,-0.6186419,-0.5600894,13
136150,-21.84447,6.351658,-2.3195724,1.4718251,24
95493,12.3518505,-35.178352,0.13657367,-3.7873375,23
33453,18.596949,32.54317,2.579945,1.7457557,28
146773,37.43945,20.77341,2.2279272,2.7143786,28
133810,41.63801,31.152582,7.0664587,4.3802285,8
114652,16.876795,-25.090126,0.88126934,-3.5853093,2
158162,-29.205864,4.6339326,-3.049261,2.3327546,16
121630,-17.876202,41.969723,0.050973415,-0.46664506,27
114987,9.920168,-8.820189,-0.85562474,-0.033373713,24
103773,-40.684647,20.240587,-0.9156391,2.5232434,16
135717,-5.16824,-9.976915,-0.8577921,-0.27302992,24
85115,-46.69114,10.08062,-1.8970985,0.34113464,16
5957,-30.30601,3.0133603,-3.1530967,1.2155526,16
46507,-4.005021,-42.35965,1.4063243,-3.7784388,26
85910,-31.520292,-3.5664265,-2.3653967,1.302311,16
131256,-1.8170125,-11.901917,-2.6376295,-1.901263,24
3393,-32.642525,16.769722,-3.1252823,1.5674435,16
123317,-11.85873,36.726852,-2.7622948,1.4475859,24
91146,-15.231273,36.680786,-1.5791945,0.9483402,19
166486,7.5476947,-26.038254,-1.4815655,-1.4360907,23
126458,41.179523,31.171314,7.000634,4.972649,8
110571,-11.007299,29.377531,-2.3246605,0.38869438,13
131831,-15.196391,9.757692,-1.4740131,1.3101771,13
55949,30.317997,17.412766,1.6182057,0.80728656,19
22071,43.8188,30.460209,8.159788,4.174319,28
57455,44.0892,-19.067995,1.788282,-2.3637724,34
127736,-43.052734,14.126267,-1.8708005,1.7619643,16
142032,15.951392,-19.271807,0.83747923,-0.75561255,36
625,26.728668,-36.14654,1.2415341,-1.9902093,33
95882,33.313633,-9.664728,1.865883,-3.1894474,5
112778,46.574135,-11.644097,1.985578,-2.156173,34
38774,49.10547,7.920335,3.6213336,0.2732083,28
79422,38.808617,-8.379444,2.499845,-1.1582472,28
130959,15.446457,-34.924507,-0.28819823,-3.016475,22
98263,-29.64833,25.867367,-2.1473694,3.5696125,16
33150,57.608273,11.365107,4.35066,1.7945685,28
65430,6.1929216,-43.221016,-0.74335,-3.6159513,37
64343,-27.694708,10.986251,-2.059657,2.1467264,16
120381,-17.59215,-29.232853,-1.5455141,-1.1082366,31
118130,56.19004,7.0579076,3.4819021,0.16172624,28
45220,-9.130638,-17.417107,-0.3700809,-2.7828317,10
6138,40.544895,28.091612,5.7394676,3.3534074,28
122896,14.561474,6.2854714,0.93387115,-0.11905265,4
27165,-17.912838,40.944607,-1.3926021,0.61661726,27
76735,44.90413,14.91808,4.7924094,0.9947574,28
56501,23.035051,-23.935675,4.074238,-1.7684929,36
49244,30.162125,3.3445444,1.5831119,-1.6105597,19
45410,40.517746,-21.971018,2.868176,-2.5789542,39
159294,-15.32455,-38.142902,-0.62771803,-1.0441515,26
121669,-13.871419,-35.626747,-0.996555,-1.8939784,26
57137,-21.179127,12.86191,-1.931089,1.6457293,16
9655,-16.81569,-36.965073,-1.2875546,-0.32382256,26
84640,-39.221214,32.107555,-3.069504,2.3439023,16
40607,-42.539234,-8.996546,-2.1247768,1.5715675,25
68561,29.977512,-25.102955,0.82291305,-2.041312,9
52615,50.056885,22.0571,5.9002013,2.9641905,28
25013,-40.636227,5.777043,-2.4542484,0.81609726,24
3128,-33.258224,-28.03886,-2.9578366,-0.9541512,30
144554,32.47011,17.025072,3.20226,1.605422,29
89810,22.395956,-20.541529,1.3227948,-2.2104237,36
151508,13.498033,-13.687161,-0.17707253,-0.67538315,31
40447,-27.302124,-36.899197,-0.7731398,-0.99230164,38
109196,-12.12743,28.279158,-1.6073115,0.46004403,24
68065,38.847134,26.972013,5.1121445,2.770938,28
350,-45.191254,-10.689412,-2.0953481,2.0697389,25
69677,20.805891,-18.501955,-0.0152282715,-1.2713339,36
116802,-21.685377,-33.732513,-1.4750077,-1.3309121,26
103811,-43.484535,8.951328,-2.5378776,2.055719,16
7251,-16.231653,-38.3642,-0.9123237,-1.0158482,26
30433,-14.122873,27.585754,-1.7402554,0.75735223,10
77630,27.665354,6.7524953,1.901245,1.1087221,8
82692,17.15176,32.178238,1.62424,1.9793282,28
127979,44.545944,-21.605215,2.4204302,-2.4868658,34
135646,46.527157,-22.332508,2.3693275,-3.418051,34
68553,-8.835775,-27.682552,-1.6018956,-0.20827907,4
155510,40.053722,-16.24624,1.5086719,-1.902895,39
123917,-26.480934,-42.87734,-0.10596955,-1.5180767,38
55452,-6.6160336,-37.889942,-0.40275514,-0.68256706,26
162369,6.5322285,-41.016563,0.38148916,-2.3113666,37
134770,-28.090832,-22.688011,-1.8279608,-0.23931706,30
96158,-26.872679,-40.95446,-0.4947725,-0.89748186,38
81022,32.749027,17.91666,3.7069888,2.0722325,28
141431,-13.2311325,-10.812261,-1.4776635,0.014929056,5
112667,4.3784943,15.152721,0.63881576,-1.222975,20
102293,27.944899,18.678259,2.135109,0.7714744,8
5223,51.238102,18.31752,4.953915,1.9929762,28
50349,46.53753,-11.670959,1.252262,-2.242794,34
18675,-50.47905,27.694038,-2.8469896,2.3681219,16
32030,29.345066,0.7075301,1.3410634,-0.9443101,34
150957,6.700611,-41.783566,0.07220924,-2.5768285,24
41471,17.922733,35.122997,3.7823715,3.6936042,28
54075,6.9796963,-44.760307,0.007473588,-5.8927116,37
14460,20.219349,8.32582,-0.3957411,-0.11860454,4
15645,39.10116,-26.637602,3.0540638,-4.4474964,9
114277,-18.988068,-17.211658,-2.672446,-0.3585505,3
121221,3.958625,-28.635666,-0.9450484,-0.81081146,3
111673,-37.569447,-34.242107,-2.9869184,-1.5509036,30
155700,37.269146,-14.460567,1.8857516,-1.5089664,20
158450,39.59584,-30.287355,2.086886,-5.381992,9
18169,1.3439292,-34.62043,0.80697334,-1.2000551,26
168798,-14.119082,12.899801,-1.2878323,1.9601519,18
123429,-39.393154,18.194553,-2.2691925,1.6047112,16
125522,-34.2662,1.6757882,-2.6129558,1.0617089,24
113969,36.784615,24.707022,3.625381,2.7396405,28
101742,-6.362455,1.9653759,-1.033868,0.41641188,24
70546,-41.748432,-28.72601,0.041404963,-2.3866713,30
35267,28.021515,22.655909,2.7256646,2.7530196,8
90237,44.002903,26.79694,4.3940406,3.2359152,28
148609,-52.735348,23.597296,-4.3403106,3.4193363,16
130910,-22.691292,-3.96996,-2.2887878,0.10881859,24
57920,-6.667994,-4.475562,-1.4192717,0.44644064,24
19482,-30.197712,12.412212,-2.5582705,1.830137,16
84111,-29.523363,22.397379,-1.1846159,2.8157196,16
102953,-41.604088,7.498829,-2.183174,1.0858206,6
79789,-39.5483,13.604724,-1.990711,1.2785344,16
148903,-39.3056,-33.543552,-2.4251895,-1.3408413,30
57007,-33.352226,-21.989351,-2.53731,-0.21218902,30
101860,2.998478,-41.998573,-0.44884253,-2.722253,31
69894,-27.10046,2.1648152,-1.9244465,1.8302851,24
154023,-12.719351,31.791212,-1.8333714,0.11968088,27
77687,49.861736,20.384653,5.4348383,2.8608646,28
150436,-43.293484,-32.338684,-2.1299832,-3.5913575,30
106274,43.169853,16.67069,6.7801476,1.4172232,28
99415,22.579838,32.764812,2.3663836,3.4787142,28
60056,-8.784171,42.297455,1.0874673,2.8351924,19
29957,-16.260538,0.37371883,-1.617041,0.61204964,24
115054,56.08458,18.230175,2.2435527,2.4465616,28
150574,56.534496,14.036193,4.822776,1.2143962,28
123312,47.761047,-24.692583,3.6370153,-6.390763,34
43191,20.89748,-9.215707,1.1253272,-3.1365237,37
154407,40.670506,34.90238,9.203207,6.218504,28
9138,-29.833529,-30.512373,-1.6595728,-1.2675037,30
138409,40.838665,-24.13167,2.5204887,-2.8113604,9
166530,-10.66338,30.475386,-2.266973,0.37663928,24
98299,1.8032727,-2.9220164,0.9975594,-0.56174356,24
36480,-26.828293,-0.67079407,-2.0452976,1.2596841,24
102705,-39.094055,8.654728,-3.1581798,1.8198719,16
31329,36.84064,6.4601755,4.001633,0.12437832,8
46655,1.3584198,4.4786325,0.058093786,-0.99803835,0
73585,23.635553,9.532016,2.049943,1.4669603,8
40795,-26.144035,-40.088123,-1.3196545,-1.1159947,38
50566,36.31962,-24.663975,0.5083988,-2.005044,9
22670,-0.5922196,-32.287685,0.65798604,-0.8087804,36
68984,4.510788,15.187171,-0.081789136,-1.3720634,20
57213,48.9657,23.106894,5.75785,3.1925943,28
35978,16.838911,30.725647,1.001598,3.3969626,16
53353,37.3383,17.659386,2.829142,2.635675,28
85354,-34.98458,31.941217,-1.9361625,2.0603364,16
98192,31.904768,-34.942226,2.5316854,-2.5645757,33
2532,43.26759,-18.50286,1.2579602,-3.0372024,34
10823,-2.244044,-10.205397,-1.221238,-0.43048447,24
165999,42.230183,30.469381,7.037614,4.566223,28
94239,-21.414263,41.685925,-0.994135,-0.20812953,27
167842,-12.241177,-37.000313,-0.302567,0.91239715,6
106107,-42.08225,-32.91853,-3.0867035,-2.11149,30
156422,-5.097236,-1.635682,-0.27030647,0.70133054,24
127946,18.482275,15.6256275,1.3979424,1.5633323,8
100926,-47.684216,-8.174249,-1.6095233,-0.7868064,25
36864,-30.853527,2.9248273,-2.6005511,1.0219989,16
75310,-38.96806,2.3741882,-1.1119115,0.2359365,16
148013,26.879202,12.170877,1.3249668,0.55123293,21
143013,-19.600166,-32.487183,-0.81386656,-0.62842256,4
29277,-3.4297001,-40.866364,-0.7058964,-3.5689747,37
165218,-44.20595,-10.92321,-2.043187,1.6739088,24
52070,14.810706,29.169298,-0.33139396,2.6504579,16
34605,-16.145826,-41.039265,-2.5516446,-2.0498474,26
106460,2.6172862,-5.9887533,0.27584708,-0.5379568,24
23211,31.348587,23.39837,4.5677347,2.453642,8
89990,47.9225,13.570836,2.5922456,0.4945701,34
144398,-25.16654,-43.123512,-0.8587777,-1.7612007,38
125358,-1.2968372,2.5334704,-1.2336912,-0.7895624,7
112410,2.103895,-7.497488,0.1837064,-0.82014424,24
141409,26.626854,14.411765,3.5325112,0.34219816,4
60634,-44.600277,23.72711,-3.1279674,2.3839984,16
5908,-21.368843,22.372206,-1.1281233,0.8197385,7
74488,24.260878,-36.22893,0.9063307,-3.2271771,2
60250,-43.559334,24.795227,-2.0186634,2.337776,16
8199,30.378729,14.175368,2.4835234,1.0352181,8
164366,35.932236,24.080395,3.6433034,2.6772056,28
41123,-9.419135,35.806736,-0.87657773,-0.23576313,10
28573,-38.444847,-23.406158,-2.4471812,-0.8586975,30
22066,-11.444661,32.07666,-1.5661815,0.4026529,24
104813,-16.71976,-9.49696,-0.74956673,0.40943015,10
33165,14.28493,-41.690567,-0.21291888,-3.2906168,2
150359,-12.721806,-11.022369,-1.4506181,-0.15591317,24
141331,-9.446211,18.564957,-1.6596907,0.7132723,24
129427,-43.398544,8.749142,-3.032137,2.1868403,16
133979,-17.65789,-36.639393,-1.2858882,-1.1088574,26
102123,-45.751194,13.577831,-2.8053823,1.9303751,16
145642,56.140587,13.212375,4.623545,1.1211116,28
14345,36.76065,-16.4575,1.7004324,-0.7940236,24
43767,11.888807,0.49624896,-0.29778886,0.98647785,24
95261,5.910294,-44.640526,1.1988589,-3.687856,37
104058,46.01342,-22.376705,2.4106898,-3.909598,39
60987,19.450163,-0.7453816,0.44011855,-1.0446095,35
43852,26.40427,12.566242,1.934749,1.848274,8
45450,-24.149094,7.3541746,-2.4047213,1.4874153,16
72047,-32.80253,-29.385284,-2.3429294,-1.1555746,30
161839,-38.141674,8.905043,-2.2973013,1.7852609,24
20899,32.9547,18.362633,4.339973,2.9935143,8
88822,55.937977,9.765145,3.2814083,2.521363,28
139720,7.555077,0.05708689,-0.47420818,-3.6224396,5
21872,24.731665,-20.928635,3.0627747,-2.5290592,36
100942,11.970248,7.8944135,1.272561,-0.78119737,15
140282,37.138786,-34.61148,2.5716376,-2.36673,33
43366,27.783012,11.8105,2.673592,2.2640388,5
125647,-8.166759,33.99396,-0.98383397,-1.9854813,10
142489,-23.787363,-31.119837,-2.5048215,-1.5362399,24
1922,-37.12266,-22.41137,-2.895782,-0.09474373,30
13216,15.168131,9.017839,2.5720334,1.3985317,4
121719,22.591867,-19.345379,1.3332816,-0.9423136,36
45857,-38.77904,5.3045883,-2.4690762,1.6475208,16
135681,-35.11273,-25.427515,-2.8836327,-0.30770493,30
80137,17.80596,-11.833994,-0.60731864,-2.6370482,5
165462,33.08698,24.33853,5.732857,2.8553615,8
17917,-7.9185405,3.4683654,-1.1856604,0.7941061,24
129083,-15.213802,-4.122001,-1.9175143,0.4868933,24
38806,18.547035,7.8184733,-0.43688816,0.32682735,3
39544,46.540157,-14.043925,1.325862,-1.2746067,20
129567,41.095997,-15.286803,1.5458704,-2.1962245,34
146640,30.219639,-29.297523,2.765295,-3.3405674,36
112323,-28.70457,16.872332,-2.7069993,1.821208,16
148004,13.795841,-32.43654,-1.169994,-2.347288,2
87474,-17.045593,-20.869623,-1.715851,-1.3045115,10
9293,25.431055,3.5212748,3.1958952,0.6477696,8
147555,-25.756227,6.086305,-2.0184362,0.94880354,4
35156,-9.817385,11.017595,-2.4633255,2.4800017,13
31931,58.57496,12.072468,5.9755807,1.7647533,28
106428,-26.710466,17.569914,-2.9374743,1.9833944,16
91801,-12.495944,-3.8201313,-1.5772791,0.12003571,24
146456,23.817799,17.967955,0.07747543,1.7668374,8
143445,28.033295,-16.038498,-0.17081797,-1.2135675,34
34625,3.996196,-28.274496,-1.123261,-1.5451574,23
151568,23.028944,6.813688,1.1208228,0.22092548,8
32561,43.06793,30.903128,7.442604,4.523743,28
30277,25.078522,-18.088428,1.3815438,-3.0610993,34
150346,33.173466,14.854665,2.967104,0.9550768,28
136520,35.5667,-8.117906,2.3414626,-2.9849396,34
69524,18.486557,-2.9856956,0.2833414,-1.9156942,4
37267,-26.021149,34.81566,-2.5604942,1.2855384,16
47189,16.687433,-3.2064362,-0.5667561,-0.5573816,5
82037,0.59969854,-5.7932463,-0.8487611,-0.52393335,24
20072,52.231636,21.71366,7.074461,1.9802406,28
21358,26.795374,28.911232,2.7177596,2.6278348,28
132415,47.69921,-18.997698,2.401031,-3.176447,34
75600,-29.210468,10.127083,-2.6794002,1.9636831,24
89503,-6.423994,25.6692,-0.08707881,-1.8118267,27
95732,-18.804592,-0.851131,-1.724571,-0.19184136,13
30528,25.580647,0.84336203,0.5218532,-0.86262304,8
111084,31.134476,31.862503,2.0250044,2.9830365,28
145267,-56.6108,21.158827,-3.3131213,3.7013144,24
59931,20.07886,-38.754433,0.04091263,-3.8911183,22
101904,34.016922,-34.323174,3.0899444,-3.3185022,33
143307,20.390902,32.27869,2.5034952,1.849122,28
40551,8.205731,-25.24666,-0.14396524,-2.8090663,23
5067,-11.829904,30.93725,-1.8727455,0.12226069,24
49908,-23.741053,-27.740534,-2.1447139,-1.0668013,24
69142,13.924164,-32.544388,-1.1337144,-2.3691633,2
132391,38.775333,-19.771935,1.6602386,-1.1523044,34
155554,-30.644287,24.886112,-1.2205223,3.4235408,16
98520,-40.23092,-10.273617,-1.2591398,0.22492164,25
141106,33.754,27.781069,4.395266,3.8251262,28
108740,43.708427,10.804274,2.3459272,0.5043719,28
9555,-25.504505,14.937294,-2.1946719,1.8877001,16
155257,36.71292,-25.002562,0.8110522,-2.6522925,9
108968,-36.906876,15.400405,-2.2150192,1.5949028,16
116398,29.392288,9.914878,0.86528194,0.7466518,5
88449,-20.23577,-23.81035,-2.0339262,-1.9702392,10
116809,-17.370155,-0.36231968,-1.5685163,0.44338882,24
132634,46.97009,22.875704,4.129178,2.448368,28
37068,18.071194,-36.776497,-0.33001125,-4.5060515,22
20974,23.5488,-7.936903,0.92001426,-3.9542696,37
57030,-37.84123,15.837437,-1.9183993,1.6374047,16
153141,41.63761,33.27883,7.5781727,4.278035,8
75125,-10.602091,-15.776489,-1.3062906,-3.0219293,10
74618,-41.60767,-33.16384,-3.871375,-1.527,30
87631,-41.483418,5.935444,-2.8020709,1.0679162,16
87728,38.343334,30.586166,5.302883,3.8397741,28
44994,-36.54677,-20.824362,-1.8798599,-0.4206472,24
159018,-14.654782,-40.023396,-0.762845,-1.8345411,26
10116,-3.7237816,-7.93884,0.56113684,-1.6239865,10
107137,2.9233928,39.560436,-1.3524837,1.2122653,16
145820,-55.300087,18.97479,-3.4626546,2.9821434,16
129078,-24.4055,3.8228004,-2.5423346,1.3551319,24
151941,-28.726389,5.576012,-2.8547573,2.072847,16
60671,15.290082,-32.938267,-0.4491707,-2.4664016,2
139463,25.04775,-18.07714,1.1294054,-3.200388,34
50845,-36.89423,11.74317,-3.2560253,2.2061841,16
132493,32.910442,25.220325,6.5060163,3.2961192,8
91853,-34.319294,-30.196917,-3.1136084,-1.1092939,30
126502,41.952644,32.294125,6.7736845,4.154454,28
121908,-48.980682,28.121422,-3.4970036,3.0779076,16
1923,6.9685183,-44.834858,-0.6762132,-4.559499,37
4288,-11.0723715,6.3173933,-0.4487883,0.5071105,24
152743,13.8048935,-32.41363,-0.8844125,-1.9078207,2
81967,-5.560945,-9.48046,-1.2594697,-0.51718765,10
6537,21.182032,-24.536005,2.4540763,-3.2106178,36
74959,-12.523046,30.247257,-2.04638,0.45460325,24
56078,-17.670696,-3.8702397,-2.0244064,-0.119550586,24
94360,4.4664435,-14.250882,-1.7647222,-1.1361692,13
75550,42.825676,4.0298047,4.2956133,-2.0599387,28
100343,19.475132,-5.0759325,0.16638184,-1.3518589,5
153020,-40.1018,-23.64976,-2.340283,-0.3456549,30
144531,45.27423,27.739944,5.252573,3.4519162,28
160874,-39.92132,-16.565886,-1.7700642,0.076495945,30
133906,-9.532295,-43.142178,-0.30541325,-1.085861,26
109895,27.822672,23.054617,3.9521422,1.9701202,36
108133,36.42194,-34.490448,2.5303574,-2.1687534,33
40818,14.012838,6.1304708,0.6970099,0.1425153,4
50351,-21.606783,7.666892,-2.0868082,1.4606,25
49232,45.545307,23.194696,3.5904799,2.9176366,28
130923,-45.964428,12.327484,-1.9369414,1.5986481,1
130750,-28.994385,37.19646,-0.3530692,1.5937629,3
105933,22.97406,23.542147,2.0649285,1.9139977,28
50813,-24.672707,-30.274656,-2.096262,-1.337908,24
19094,-16.590124,0.85506564,-1.5343554,0.8541262,24
56102,-36.394337,-24.612495,-2.053145,-1.3174489,30
157851,24.6212,-40.078995,1.5811185,-5.2116776,22
122187,-18.177946,40.976578,-1.0252261,0.48333797,27
29313,-48.165886,13.917641,-1.984287,0.8284354,16
61271,-4.9669476,-20.835619,-0.7572433,-0.564691,24
39786,-40.559998,9.382476,-2.571619,1.9633727,24
86720,19.284891,32.3479,1.9323243,1.3981271,28
110319,47.142242,-22.032764,3.2983494,-4.538226,9
61647,-37.966534,-27.813934,-2.2922263,-1.3973954,30
48549,-12.552554,29.330654,-1.6057582,0.526124,10
10997,-21.524666,-10.274275,-1.859592,0.5758036,24
90483,24.609451,8.407101,1.8530544,1.182568,3
40243,-41.27146,14.053601,-1.664993,0.6849738,16
90950,-33.784904,-34.336475,-2.924351,-1.2514412,24
13028,-45.149582,17.219675,-2.4068742,2.7499197,16
92310,26.390238,3.902148,2.4240732,-0.9246686,8
22,48.444553,11.982085,3.4363842,2.7487044,28
79406,-40.472675,26.171453,-2.0760171,1.5490787,16
68166,23.508425,-8.337779,0.82017934,-4.7429247,5
18147,-41.99142,-26.373133,-1.7903569,-2.2030253,30
37119,36.074753,-10.135351,2.3494735,-2.2492397,34
158208,48.829174,12.881971,3.277316,0.7080051,28
28829,-26.53395,16.742172,-2.2364757,1.5439804,16
138400,41.185944,-15.340865,0.6314404,-2.047254,34
31612,-35.49801,19.373611,-3.5312924,2.0570643,16
88303,-7.3338823,-4.9006124,-1.3612705,-0.8153749,24
114744,-29.500343,5.68763,-2.338186,1.6101253,16
21475,23.453686,-36.569458,0.730487,-2.8754606,2
66574,29.941235,-24.062622,0.7888404,0.95289254,13
56455,-39.01563,2.7508621,-1.3400446,0.7023706,16
19653,32.526703,-7.1842275,2.3967123,-3.8358119,5
134075,-24.577986,9.614314,-1.900291,1.377481,16
116296,-23.487856,5.4585743,-2.3998733,1.9005303,16
106190,31.522934,20.678173,2.9815016,1.9484267,8
88906,40.041245,32.956623,6.439422,4.7650504,28
91383,17.516428,4.0436196,1.5075005,0.26450533,4
66256,-38.409023,-28.46001,-2.382214,-1.5848439,30
23858,-23.34724,-21.068487,-2.310698,-0.9785791,24
43611,-1.4873078,-2.1226845,0.6957942,-0.16619283,24
155565,-10.967083,30.083868,-1.7245855,-0.14882082,10
161926,40.334812,25.552073,4.0994005,3.2935498,28
77691,-34.960373,0.207916,-3.0651915,2.3008876,16
145640,32.16913,8.763441,3.296166,0.024550855,8
26569,-0.98484886,10.368135,-0.6299895,0.6605883,7
135597,-19.870102,5.7678647,-1.9265417,1.2801921,24
4385,-19.131823,42.418995,0.48083186,-1.2629571,20
84971,22.686966,-18.498716,0.13915086,-0.18661726,36
12184,-33.145794,-21.452364,-2.6989946,0.28060043,16
85071,-27.483833,15.828252,-2.28729,1.8374527,16
134493,-42.993904,-32.72386,-2.835843,-2.690424,30
162480,50.781635,-14.35693,2.4325113,-3.0516183,20
104998,-32.784256,14.979199,-3.5297952,2.1332831,16
98589,-43.16259,9.413223,-2.418263,2.013896,16
67810,45.11193,23.310413,3.9016256,3.4272625,8
124536,-5.1661725,-40.923428,0.11236727,-1.7171798,26
16393,-16.918396,-28.642298,-2.2032862,-1.0653694,31
121130,19.63863,-0.71430665,1.1660575,-1.4779024,4
117841,-49.41382,7.2458825,-2.2868383,0.8175391,37
146127,-14.109523,-37.16516,-1.2198952,0.42762187,26
160515,-8.801108,42.260273,1.1394993,2.7540815,19
6367,19.255274,-4.9647126,0.37502337,-0.898611,5
67201,43.955173,31.871332,7.484145,4.2648935,28
94678,-32.144165,32.332935,-1.7754506,1.9920247,16
160639,-1.4522747,-8.779123,0.50668323,-1.4536223,10
164964,16.838112,32.881046,1.4075779,3.0980113,28
161476,42.181164,-21.102156,2.4880672,-2.8526022,34
108496,55.978424,-4.562294,2.2042532,-2.572036,14
88803,-57.9073,22.272434,-10.06571,4.8093424,13
35,25.259062,-39.325474,1.509946,-4.0970526,22
2259,28.276457,-36.193382,1.8394576,-4.068633,2
113178,-42.9222,30.2925,-3.3118863,2.6775408,27
47840,54.62794,7.931187,3.826672,-0.9694032,39
120098,44.325424,-15.653972,0.42409992,-1.913625,10
107483,17.384731,-8.060291,-0.44017208,-1.0276768,37
7195,-30.415808,-27.238276,-1.8737848,-1.224885,30
105406,26.652275,9.229302,1.7915124,1.5071402,8
135074,16.647514,-10.385166,-0.8055372,-2.5216053,37
63223,8.423988,-44.614975,-1.2061579,-3.278638,37
103583,-52.10665,20.079952,-2.6561723,1.6183183,16
21369,41.025887,0.25836536,0.882177,-0.70755,9
2679,14.345249,-42.660553,0.44260132,-3.132935,2
144653,-29.007042,9.365758,-2.7998712,1.9295938,16
114131,-7.437552,-1.0865035,0.0557878,-0.41537994,24
80713,-10.485739,-13.817182,-2.7120795,-1.7240365,10
104165,24.726328,-31.059214,0.78545105,-2.3607507,2
13535,-41.425243,20.98305,-2.5081778,3.0986295,16
27469,-8.48819,30.835268,-1.1145697,0.38035044,4
53851,-41.189228,34.583546,-2.3333058,1.4890499,16
18430,41.89327,26.347261,4.50113,2.2242777,28
47945,-6.885515,-38.89974,0.11716473,-1.1910236,26
28247,14.040849,-2.6831975,0.8516773,-0.64620227,5
15760,-18.663662,-39.54143,-1.9706769,-1.7596769,30
21807,-50.21599,20.022417,-3.270771,2.7747998,16
147701,-25.792315,-1.4383264,-1.6911671,0.30500653,24
155469,35.828136,14.933688,2.7383337,0.9426557,8
73645,-32.372116,-25.183449,-2.1070602,-0.7885261,30
115633,-6.523946,-44.23324,2.3724856,-1.971797,26
32226,-13.632012,31.237648,-1.8918262,0.6971017,24
132829,-22.963446,36.536297,-2.0379722,-0.28808492,27
5803,8.511857,-8.868497,-0.4062248,-0.65848833,24
20909,47.33423,-15.185591,0.6648606,-0.7450728,20
36991,-4.5999656,-2.7358599,-0.7859793,0.6185147,24
25580,-34.825897,9.64012,-2.646275,1.5560482,16
118419,-37.907284,30.966078,-2.7051573,2.2161753,27
81867,-34.76033,13.406484,-2.3961844,1.9965019,16
9826,-15.470932,9.993049,-0.9850262,1.121024,24
10922,25.90853,-35.549572,0.9470538,-2.1342173,2
72719,-53.636154,28.689814,-4.616519,2.8859768,16
111939,-38.28731,-30.02174,-2.0914574,-1.972547,30
135709,-21.350172,-11.1843,-1.3904973,0.22571185,26
12916,36.01349,-3.812275,1.8541206,-1.6281264,34
105674,-25.748209,-41.033936,-1.5035874,-1.4504077,38
3560,-29.704971,23.537033,-2.1429265,3.901023,16
71048,-40.072056,10.955976,-1.9754641,1.4133272,16
124172,-20.555792,-2.3777907,-2.8388846,0.28782156,24
85083,29.38535,3.6231527,1.6021496,-0.2681623,8
78355,26.873363,3.9210176,2.7403102,-1.7174354,8
137881,19.416185,-31.556124,0.636058,-1.9528501,22
24332,-50.55363,15.119729,-2.3670034,0.7679862,27
25172,17.383999,11.589552,0.022783399,0.70311725,6
125585,48.6965,-18.390306,4.76768,-3.0158434,34
149562,-19.135864,42.20535,-0.5872264,-0.40561837,27
95359,-16.466047,-35.1374,-0.641563,0.25184286,3
146317,3.1351497,27.318487,2.1126337,1.0047596,19
166821,7.757679,1.4700935,0.18723369,-2.469117,5
85241,-46.21205,8.870258,-2.299065,0.84908396,16
157183,21.076832,3.1513565,1.4344655,-1.6362803,23
77239,38.300186,-29.29096,3.3212304,-7.067634,9
165314,39.34049,29.033087,4.2436304,4.377547,28
68445,-7.2153964,-2.867521,-1.0392826,0.1283173,24
134542,-26.154112,-32.95897,-2.0449812,-1.5923436,31
129675,26.190516,30.77312,3.402964,2.435999,28
114823,-3.4562533,-6.6522074,-0.47694325,-1.7656357,10
42196,30.70651,-24.819986,1.3366717,-1.4789858,9
130566,46.038887,-19.438202,2.202448,-3.4857209,34
167668,28.281485,19.066788,2.5303192,0.93722016,8
58023,-3.818083,-0.36231858,-1.1894544,0.4335309,24
90066,-45.06623,24.974592,-2.9456182,2.0558898,16
31731,2.1601653,40.662624,-1.5688391,1.2036138,16
168359,25.145504,-38.481342,1.1817089,-2.5237455,2
111859,-3.1855059,-21.696964,-1.5417259,0.26970524,10
91384,12.026567,-3.615454,-1.2717003,-0.9629118,23
32156,-47.45993,30.452244,-2.5358825,2.0467126,16
148290,-11.964878,32.28162,-1.7852249,0.23449838,24
8395,-13.884492,43.36968,0.69314086,-2.2473023,19
85047,19.09063,-27.169676,0.30664933,-3.133243,10
116523,13.673128,-37.941277,-1.1372318,-2.409777,10
63152,21.739697,1.3586421,1.3678769,-0.25046194,4
89922,-22.13811,-0.60142076,-2.6405106,0.837959,24
167961,54.16545,15.19927,3.484952,1.6369567,28
120649,-11.723463,-40.63443,-0.16811907,-1.5371532,26
20013,44.97123,-17.426134,1.5264369,-2.1936698,10
139828,-44.60142,13.581845,-1.232163,0.82968354,16
26027,-5.4618373,-37.603832,0.5621939,-0.74656683,26
151918,48.52401,20.444435,5.33378,2.2411914,28
52649,-28.47019,18.184862,-3.314426,2.3575587,16
77215,-40.21772,27.316246,-2.3331487,1.7573991,16
72153,29.648203,-2.51181,2.1775637,-1.673697,35
35821,33.23474,-10.1369,0.99775326,-2.9571724,2
37818,-16.679968,42.135838,-1.3463838,-0.15225017,27
91688,11.48196,-10.27939,-0.2733004,-0.8104262,27
116390,-41.699074,18.318714,-2.756815,1.2287419,16
67590,21.96051,-35.42043,0.40475404,-3.7145793,23
61806,-5.454135,-37.740322,0.1791811,-1.7521124,26
153475,-21.979025,-11.956736,-1.4953176,0.101073146,24
128445,31.466112,26.085196,4.868539,3.4358847,28
155958,-34.118042,27.378021,-1.0280521,0.46390224,27
146194,48.79163,-21.20605,2.3126583,-3.9795191,34
140175,-26.116526,-27.268143,-2.2248275,-0.3381521,16
111664,-15.707858,-35.732334,-1.3705696,-0.9059264,3
143568,-19.850336,-23.390364,-1.697768,-2.2195854,10
81735,-42.82592,-9.891618,-2.0701113,1.4139813,30
161751,-8.0234165,-3.7534862,-1.328756,-0.35864264,24
145253,-30.40731,-22.257692,-2.1905224,0.036693513,31
87084,54.329323,14.026712,4.7181168,1.1637877,28
76765,-21.919344,-11.741802,-1.4412074,-0.005088508,24
151122,44.753555,-14.135325,0.8679377,-0.98511225,39
51288,18.472939,-19.988182,1.0427078,-1.8538961,36
3761,-39.71742,16.01491,-2.086679,1.3375905,31
33497,3.437826,-24.380274,0.21468508,-1.1248977,12
155367,37.27943,33.35764,5.0890756,3.598571,28
98128,1.925664,25.706717,0.83509815,0.24203175,5
7824,10.079907,21.718212,0.8335048,1.1656853,24
129106,-27.944735,-13.269473,-2.8834667,0.9216927,24
133840,44.713757,31.728788,7.19084,4.4595895,28
56351,53.242622,11.104104,3.3908434,2.4573026,28
45397,-27.940718,-27.970974,-1.5396789,-1.3479004,30
159306,-38.752743,-31.478708,-2.554452,-2.7031262,30
41553,-38.876514,3.566536,-1.6087323,1.1737994,16
101054,12.582085,0.22212155,0.32949936,0.7370546,4
2223,-44.355995,23.04427,-3.1990266,1.999001,16
17125,-20.795214,30.408855,-3.7298946,1.4431376,24
60111,23.262363,-14.136861,0.6378156,-1.0744298,10
39180,30.851334,0.8367238,3.1762018,-0.903333,8
135784,38.31952,-25.497244,2.1622753,-2.8761232,9
137365,-16.237974,-13.336357,-1.7678266,-0.31137806,30
37688,-3.0103064,27.18855,1.3681399,0.34793067,19
40331,-4.946493,30.550167,-1.0230222,0.08559048,24
166062,-1.6825633,-18.263329,-0.48839068,-0.65630287,10
110331,22.631601,-35.992073,0.15775168,-3.7126806,22
12786,24.249,-31.941957,0.76994383,-2.4929328,19
71885,10.517462,27.942123,-0.14217389,1.6601369,28
107961,-33.069756,-29.986338,-2.596915,-1.4601574,30
109860,3.5898733,12.27429,0.30752087,-0.14323533,39
168939,-38.613846,12.247024,-2.1138299,1.6176896,16
11375,26.608034,-33.91107,-0.025178075,-2.1850438,2
138473,47.737614,-24.656542,3.309752,-5.934432,34
52674,-53.77436,25.40129,-4.8908043,4.1765275,16
143070,42.9057,16.23369,5.2856994,1.6342833,5
149162,-10.959688,-17.284689,-0.41031754,-5.216842,10
113777,13.417775,-5.57483,-0.5255594,-1.4223545,7
93576,-15.1445875,1.5710013,-1.729176,0.5517486,7
123645,-39.92277,-16.517097,-0.77118707,-0.64180166,30
127483,-8.42028,-14.523706,-0.9261558,-1.7121396,24
72284,-15.891212,9.814545,-1.1614622,1.4360816,16
71852,-44.043488,-8.695886,-2.2270503,1.4131632,25
103000,56.250065,6.193919,2.6659093,-0.055552125,4
58975,9.357671,-2.7437396,-0.69358385,-0.074448705,27
122345,23.972052,15.470282,-0.05481434,0.7355783,10
143017,-16.187588,-41.422028,-1.8687195,-2.5529928,26
46888,-42.080906,-22.345167,-1.6503125,-0.5051226,30
157703,30.323006,21.567837,3.3924847,1.9672098,8
92497,-12.1627445,3.6963453,-1.1555476,0.59820235,6
74005,26.48243,0.10381391,1.677795,-1.5160651,29
44918,-15.271557,-45.071663,-1.3228683,-0.18305844,6
121117,-19.096186,4.5294724,-0.70229286,0.23643187,13
26653,22.728699,23.44021,3.0252776,0.78412974,28
112774,-15.973095,6.585363,-1.5107232,0.5576116,24
85245,-16.65735,9.394016,-1.4615617,1.4249469,24
82271,-15.633326,38.859158,-1.8833048,0.9075774,19
31272,54.884647,-4.083495,1.7351981,0.1503141,14
28527,1.6965297,37.02595,-0.9647065,0.48177138,28
142515,49.032158,-22.473818,2.3131895,-3.777047,34
162636,-40.350418,15.107412,-1.852688,1.2275877,16
42062,34.174004,-20.421074,1.3087624,-1.9062333,9
11113,17.542334,-19.089535,0.5914161,-2.2177894,36
66317,2.696572,38.058983,-1.4347833,0.8569558,16
59893,-6.9447546,-40.560764,0.44104183,-1.9277132,26
153135,-24.125526,-30.828123,-1.382665,-1.2039168,24
168415,-42.486763,23.94836,-2.7267413,1.9683635,16
36306,-43.67632,34.793255,-3.727047,2.7402265,16
94676,20.21322,-37.95212,0.12642407,-3.4355052,22
117902,21.506468,-20.485296,1.8462771,-1.8884506,36
80277,-43.18921,35.911797,-3.1905107,2.3131917,16
163779,18.493753,-32.690426,1.1912462,-4.133903,2
4325,37.87444,-16.716455,0.94216454,-1.7579079,34
3073,-8.655589,-27.634636,-0.46135378,-0.29777914,4
78805,-36.48039,35.065025,-2.8461351,2.5347757,27
34270,52.502277,9.222815,6.6687202,2.1106558,28
59783,-1.763749,-38.892887,0.79125845,-1.9621964,34
29331,39.87785,11.943606,2.314598,0.42817506,28
163637,30.067118,-2.6062672,2.4899178,-1.3818767,34
57740,-29.65014,-8.422011,-0.65469325,0.717238,13
162834,7.567407,-38.80399,-0.2654078,-2.0043871,37
19356,-1.6780412,14.421539,0.49341905,-0.12443268,7
106189,-29.019836,-25.531282,-1.9928498,-0.931518,30
66175,-38.237007,6.8283353,-2.5004373,1.4540521,16
8093,-55.934246,22.832703,-5.9319177,3.2388594,16
132297,-36.36749,-29.767136,-2.6957345,-1.4018588,24
160297,-10.709082,14.983453,1.9573373,0.34674826,18
69261,4.51957,-18.605705,-1.4897922,-0.5079736,10
143724,-46.517353,5.627302,-3.4095716,1.0482115,16
133548,-1.3082614,-33.939144,0.90101564,-0.97592884,26
31669,27.071447,9.642262,1.5909051,0.38747224,4
14438,27.616085,8.575883,1.4918059,0.27881557,8
87220,-26.72029,-1.4339883,-1.6698296,0.5411587,24
55920,-14.7199545,-38.49458,-1.9194772,-2.093518,23
121157,23.673193,5.6292253,0.20584965,0.6458246,8
66002,22.965996,-22.2181,3.1405272,-3.420931,36
13361,-32.246716,8.842933,-3.4658055,2.2301443,16
56564,1.0479925,-41.793854,2.7637973,-3.7106836,34
23324,-8.870376,-16.57607,-0.7567732,-2.0903206,10
107884,-43.87029,19.957912,-3.19129,2.5133297,16
111304,29.474684,5.011315,3.6077166,0.04772514,8
145401,-2.5286884,-20.947733,-1.534798,-0.43984348,3
71722,-12.801003,-28.184505,-1.9521286,-1.9331717,37
66557,52.88457,20.922075,6.9376345,1.3765993,28
39144,2.0996342,-8.447163,-0.89260507,-0.8672605,24
105372,24.444868,-2.2277942,1.6022953,-2.0226521,4
46431,22.799622,12.855464,0.7795764,0.3550064,4
131660,-9.872256,-1.092691,-0.6866674,-0.24266618,24
31295,-12.106086,-3.519162,-1.763247,0.5925126,24
146454,-16.964859,40.19342,-1.9781154,0.8653231,27
69339,-35.85658,4.382813,-1.9995086,1.0639399,10
41058,-35.27345,7.9868703,-2.8738341,1.9014912,16
30650,9.105208,-29.714191,-1.2746307,-3.3084886,23
51473,41.395626,11.332944,3.636088,0.21785444,34
25676,55.071423,12.6612215,4.8584113,0.87770414,28
121846,-25.430693,-31.138262,-2.2471795,-1.8875089,31
13678,-11.782278,33.624523,-2.1993902,0.23738322,24
15780,7.881726,-42.920113,-1.5186068,-3.2766612,37
30376,29.902752,19.752342,2.419159,1.2817551,8
34513,-12.060467,-8.128652,-1.2640092,-1.820817,39
24863,42.84118,-13.102709,1.9313117,-1.6290076,34
52011,20.674507,-39.506256,0.61041,-5.9592943,22
120117,-8.555532,-11.329287,-0.39465004,-1.2499988,10
162869,-2.565057,-13.095988,-1.0540131,-1.5468433,24
159438,-57.28283,19.514103,-2.440215,1.3010746,16
14355,38.187237,10.538526,1.268052,1.341182,4
76099,45.064888,-20.471243,2.1519828,-3.1411912,39
29972,46.07634,28.591148,6.6410427,4.0839243,28
99623,-6.4625583,-25.160889,-1.2148855,0.009719908,6
137518,-13.230621,-2.6621892,-1.5131557,-0.041526735,24
47166,-44.016838,-33.124725,-3.5318904,-3.9542143,30
34438,19.575352,29.119213,1.4412423,1.3362676,28
141648,41.362595,24.658789,3.5647154,2.5603728,28
129175,-12.363806,37.59292,-2.0507188,2.0095243,24
129098,57.42655,14.686582,7.8605757,2.7291138,28
80243,-16.515087,9.440076,-1.4244318,1.7026603,5
123375,45.145535,-7.6095057,1.4909109,-0.352037,34
89639,32.49304,-7.0691333,2.1987166,-3.7436774,5
52716,-23.890722,14.7917385,-2.219646,1.1579542,16
67871,19.873476,30.569477,1.8141717,1.4319546,28
64720,-6.657634,-0.65345067,-0.78166467,0.031307936,24
135112,-10.137527,13.076325,-0.8721303,2.8392766,13
1397,-9.850684,13.013269,-0.35381818,2.9757838,13
126384,2.1441085,-7.401044,-0.384624,-1.0838249,24
143046,34.95574,-35.815292,2.5794573,-2.0927222,33
29639,6.985349,1.8216362,-0.13185203,-1.460273,32
99703,47.596024,25.133894,5.32965,3.770452,28
167236,-10.78264,28.267433,-1.4868188,0.43529356,10
134615,30.331072,-3.0583162,2.2669902,-2.8169029,34
90579,-21.877457,2.5285325,-2.1897237,0.9409897,24
78916,46.173805,-21.25724,1.7681814,-4.260587,34
121823,-52.252827,25.480623,-3.6752844,2.7179224,16
5810,21.26474,-15.858679,-0.54981655,-1.678273,10
165599,19.131357,29.427845,1.1670347,1.5409014,28
117477,27.58438,6.89243,1.9522923,1.125983,8
49243,40.435944,-7.853304,2.251152,-2.388271,34
10039,-26.558441,-25.757103,-1.7448591,-0.7537771,30
93886,-21.31677,41.96254,-0.9080996,0.6545883,27
24224,34.28328,28.054285,3.640738,3.3755822,28
48472,-35.340355,12.035147,-2.5506196,1.4607334,16
16210,-16.343441,-6.6093845,0.098832965,-0.21803874,19
26342,-8.363485,27.620565,-0.7539194,-0.23176217,24
113942,16.600983,-39.474567,-0.8915443,-4.352069,22
101969,18.453234,-9.110139,-0.20420194,-2.6184838,5
70488,3.6306365,14.043091,0.28055644,0.5269679,20
115487,8.167364,-8.722197,0.14095831,-0.27567273,24
81769,12.273472,-12.455595,-0.26599658,-0.9625414,37
156821,-23.418798,5.614628,-2.4907155,1.6968262,24
123136,-18.254423,18.899767,-1.3344591,0.51790994,7
78864,-16.666357,27.759289,-2.1299798,0.8991742,24
89863,27.81374,-34.79304,1.2510363,-3.1832778,2
64113,24.959957,-41.12921,0.8413116,-3.8378913,2
13419,-45.86211,5.751596,-3.0725524,1.2619842,16
63596,29.24699,-33.889233,-0.061676383,-3.0294783,33
167479,28.279594,-2.0460432,1.18761,-2.2111137,5
48782,24.619223,8.358949,2.50174,1.4013569,8
100469,-18.147375,39.97512,-1.1617996,0.42518097,27
31997,-38.239265,13.136815,-2.0029063,1.2673032,16
79586,26.023361,-41.107742,2.0861616,-5.9544764,2
120633,-41.42411,-24.973005,-2.4639146,-1.3920739,30
22816,-14.154849,12.176612,-0.8316696,1.4631532,24
28452,37.7664,-11.983554,0.29777443,-1.9132369,34
61166,37.919598,19.254711,2.201724,2.833783,8
62730,28.126112,16.338358,2.355207,1.6781952,8
56778,-4.747825,-11.758584,-1.411885,-2.047887,24
129082,-28.286327,-22.828001,-1.9830532,-0.038980067,1
73245,-40.095802,26.87584,-1.8091235,1.947587,16
130280,1.6198521,-12.326776,-0.4881686,-0.073094785,16
165664,-7.9894443,-37.06221,0.7821351,-0.52685326,26
117842,6.195055,-13.357989,0.51981044,-1.4176176,21
32785,51.041817,19.861946,4.7358656,2.71815,28
82465,50.770226,15.827995,3.5462723,0.69516087,28
138843,37.839874,-23.203648,1.7265729,-1.461055,9
115847,-39.92248,11.121345,-1.9391799,1.2203095,16
128339,-2.4369419,14.910912,0.3403101,0.49501905,7
43538,-37.644047,-28.564608,-2.6322317,-1.5012801,30
158733,-2.9978356,27.159027,0.1200794,-0.40688413,24
101391,-10.373302,-5.1672707,-1.7745152,0.38706753,24
72478,-1.2758536,-5.026098,1.0057226,-1.7883763,24
22100,-41.947,27.082388,-2.668489,2.070019,16
74325,19.556986,-27.306896,1.7603163,-2.6442091,10
76263,-9.779212,10.755143,-2.2514977,1.7633586,13
37221,12.381356,30.1968,-0.17638934,2.1325145,16
35649,-25.661314,-23.615982,-1.6172783,-0.34020275,24
123238,43.965534,33.112297,11.014069,5.7010126,28
109816,34.28431,2.6055067,4.3869567,-0.76489836,39
41195,49.464645,21.102367,5.1994,2.9346838,28
51463,36.52357,25.691204,3.6228237,3.3130865,28
157647,26.991226,8.105503,2.368229,0.24510759,8
126415,-1.0702393,-2.688044,-0.1379919,0.24789807,24
48409,26.13537,1.9544905,2.2519479,-1.0548661,8
59408,42.33209,15.530258,3.882576,0.8106124,28
167971,18.533484,33.487087,3.3652706,2.9429817,28
98143,-24.869276,-35.381287,-1.3727291,-1.7862296,31
63665,-0.12415124,0.58902156,-0.4217553,0.26252285,24
147493,51.161903,15.034779,3.532874,1.1288786,28
89221,-36.552338,33.145035,-2.4095237,1.8831346,27
108971,36.37081,23.117813,3.4221268,1.8467922,8
144120,-0.20021863,39.48393,-1.4924188,0.9448457,4
94813,4.9188194,17.105984,-0.40477347,0.14343172,17
57654,-7.4892673,4.5272684,-1.3918856,1.0211899,24
114255,34.450726,28.007057,3.9296136,3.450714,28
143199,26.37877,-12.789069,0.7427627,-1.4885933,39
149892,22.21164,-32.967953,0.025942445,-2.719087,2
13494,-39.345566,24.947414,-0.20405531,2.740144,16
160594,-30.543287,19.373323,-3.8349867,3.4359581,16
6696,15.508736,30.434576,0.91126716,4.6456075,28
41489,-44.03501,-4.357032,-3.0582736,2.0588028,16
67489,-19.784117,30.42469,-3.0065038,1.7983251,16
102855,5.3826704,14.873389,-1.3583765,-1.5053353,26
36757,22.545542,5.2689805,0.5794575,-0.28563845,8
139541,43.78329,14.284609,3.1714435,0.82840335,28
38208,-12.732866,0.78887165,-2.0834255,0.52636606,24
93204,24.479687,-37.318726,0.8823458,-2.7338605,2
24635,-44.43052,21.136957,-2.95232,2.1707428,16
22711,40.634857,-17.683645,1.9603492,-2.810665,5
99669,-48.154556,14.27815,-1.7477264,1.3502363,16
2893,-4.8663254,-15.763103,-1.1357994,-1.5033951,24
11607,-30.485306,-21.720198,-2.2591186,0.34065655,30
9645,6.6335144,-23.64113,-1.2490164,-0.62758356,23
161555,-5.219266,-37.768066,-0.23423779,-1.7831852,26
122037,-43.27322,24.082447,-2.5365624,1.972507,16
130641,-0.14550856,-8.622561,1.6231478,-0.42455715,24
163320,24.255066,-32.001534,0.6549946,-2.0911622,2
31162,-13.591215,3.9496307,0.3598646,1.5131315,24
88227,-3.3452055,-27.263632,-1.748775,-0.9607827,10
5617,44.876625,-20.500683,1.8602566,-3.457873,9
28146,58.686405,11.939575,5.5391126,2.056147,28
58506,37.792175,28.040625,5.7515097,3.51964,28
33041,-34.190434,-23.530174,-2.159837,-0.8619227,30
30076,50.521095,3.9797919,5.7551446,-1.050081,34
105648,-30.780403,2.6178606,-3.1020865,1.0642203,24
26555,32.864193,20.668566,4.173094,1.6078057,28
129187,29.939505,-39.152126,2.50379,-4.686833,2
104486,11.491511,-32.398487,-0.589799,-1.9774132,10
133459,-33.89199,-33.1121,-2.5097446,-1.1828697,30
116866,18.344324,-37.737152,-0.09386265,-5.795828,22
65176,43.77662,32.401905,8.705426,6.2274804,28
60343,-17.45033,4.0098634,-0.43544674,1.3832974,24
88644,-43.66201,-9.456126,-1.918891,1.4825003,25
31784,59.75789,12.488894,6.230062,0.78676564,28
18843,43.28058,16.272327,5.740693,1.9599946,28
50988,-14.95919,36.575462,-1.3208984,0.6317477,19
164978,29.412329,-34.205376,1.2390078,-1.967042,33
83455,4.4393363,12.439542,0.56513906,-0.036172986,26
65268,47.381947,18.349085,2.81139,1.4161947,4
56466,43.22732,14.157193,2.9829483,1.0216742,28
29121,-0.3344567,-34.23936,2.0417862,-2.439826,36
148281,-14.426746,33.206924,-2.255471,0.60827947,24
100236,-9.943986,-16.82963,-0.42636943,-3.3559253,10
99190,-17.425842,6.598776,-1.9458339,1.3425213,5
1375,-3.3448908,-27.292364,-1.9094465,-0.4723851,13
55157,35.373974,15.4128895,1.9316889,1.2972934,8
77880,37.499123,23.565458,2.731336,2.1565118,28
131601,-43.88916,21.554573,-2.912749,2.1754887,16
48496,19.252007,29.57986,1.7703081,1.6256716,24
51876,0.8822549,-2.1771035,0.34830213,-1.528569,24
136959,43.00647,-20.201715,6.6521072,-4.7898836,39
51478,47.252953,-16.780853,3.3075433,-1.718054,39
14819,37.90042,26.786066,4.593264,2.9829578,8
52052,25.347439,-27.77137,2.8054457,-3.1043391,2
112680,-51.57763,10.020405,-2.8957133,1.6976628,1
4081,37.096706,29.346413,6.3288436,3.5040824,28
96773,38.57862,-23.996906,1.91426,-2.8711946,9
50068,37.04472,23.316349,3.2844195,2.3976884,8
42922,-9.17597,19.113184,-1.4182075,1.1785758,3
98811,43.416626,2.0752892,1.9606377,-0.5376201,10
473,24.429892,16.57567,0.23011005,1.2914829,28
39538,55.530636,5.031323,2.1222687,-0.695216,4
111351,31.04336,20.776085,3.3447862,1.7329035,28
118024,23.136688,28.102644,3.4179482,2.1650867,28
133038,-19.586983,43.44434,-0.898873,0.9258838,27
10901,-36.73855,32.30584,-2.7220974,2.003057,27
14371,-26.07306,-35.60958,-0.486583,-1.5586972,30
50780,28.63859,-35.22485,1.0178279,-3.2864714,36
71522,-17.909182,39.57067,-1.74614,0.8563494,27
28275,19.974823,2.4343162,0.74644816,-0.40673214,4
62206,-32.062454,11.821186,-2.3721507,1.7279639,16
64526,-6.566836,-8.584798,-0.58307767,-0.8049099,24
3797,-5.3774834,3.1357062,-0.23221886,0.942219,13
57389,49.778263,12.132821,2.7287774,0.01477617,28
80193,11.328785,-16.476688,1.1148325,0.55657774,36
91048,35.776585,-32.579727,2.4762278,-1.3562167,33
163110,22.393965,-38.72684,1.9034544,-3.3164427,2
48178,25.31138,31.849232,1.8779622,3.055291,19
103596,23.054699,11.988427,0.6436409,0.23215997,5
60152,-10.458683,-15.297882,-1.6309329,-2.4428515,16
48346,-6.4947767,-34.52804,-1.1653408,-0.6940209,10
128025,15.701814,-37.928947,0.028045416,-3.4231536,10
20235,43.20758,33.584312,8.271298,5.74649,28
152482,48.364475,-15.405284,1.7884341,-2.9469492,20
34476,42.63309,31.337315,7.075717,4.266207,28
147393,32.9503,-7.8599544,3.7089558,-3.6828425,5
43126,-6.6866293,-36.77913,-0.18605363,-0.80256945,26
164611,8.7124195,2.7163005,1.6674484,-0.7132074,5
117185,2.980258,-8.430196,-1.3828255,-0.4883886,24
85191,-45.40275,25.991137,-3.7236304,2.7493374,16
167493,-38.682823,4.183495,-1.7265857,1.0067152,16
38150,-2.5162761,-16.493584,-1.68679,-0.7344716,10
97402,-34.148365,21.84562,-3.1967936,3.0131836,16
136035,-21.287119,31.660892,-3.0242682,2.164326,24
12121,17.795622,30.42789,1.081277,2.301974,16
154920,-13.100836,-40.1906,-0.6249785,-1.9872282,26
11109,-2.6386588,-24.57505,-1.1757491,-0.10131222,3
123655,22.01824,32.640556,2.7829986,2.0623527,28
963,-21.275084,-30.602371,-2.7125084,-1.7389023,31
88341,-14.267205,39.022335,-1.2672083,-0.88716334,10
62868,14.625426,6.3717065,1.1789118,0.24979785,4
163327,43.163624,-22.883856,2.9550781,-2.4719725,34
18490,-43.287006,11.982574,-2.0396202,1.2520949,16
165150,-28.397755,8.58352,-2.4012296,1.7218473,16
105457,43.396305,24.605263,5.1896663,3.254757,28
157925,-15.427997,-27.152628,-2.979669,-1.9663234,31
100112,17.487186,-41.697067,0.39493656,-4.811538,2
87011,15.967826,-43.94688,0.39991236,-6.7517066,10
103195,18.87583,-36.88189,0.19826734,-4.1741557,21
118364,41.499935,1.7210481,0.78177655,-1.560775,19
50501,46.091827,28.055277,6.3407207,2.5502481,28
53567,30.498432,22.665943,4.0135922,2.5620117,8
58015,4.263638,-44.30386,-1.0003681,-3.9766686,31
161413,29.686808,15.142322,2.7453527,1.1461422,28
133605,-10.772598,31.567362,-1.3580763,0.6049631,27
50037,55.961533,16.97233,4.150458,2.7997353,28
110143,-6.3793936,-40.09407,1.1880914,-1.6893201,26
71668,40.844517,13.131366,3.325626,0.57883847,8
21724,-4.108783,-18.38164,-1.029242,-1.6949418,24
141374,4.0832024,-4.0147195,0.9866766,-0.43923026,24
18742,47.63583,23.871172,5.220651,3.2121236,28
93852,-11.352789,31.512684,-1.2610887,0.17681491,27
116824,-25.288786,-14.6707735,-2.1541255,0.10210425,24
151176,17.351421,-23.259743,1.3198055,-2.3167405,11
19520,-27.169064,-22.187616,-1.7944404,-0.23357427,31
84026,35.58008,-34.150745,2.1868763,-1.9527154,9
152650,-43.692825,30.988062,-3.482132,2.8178868,16
154717,-38.732452,-29.029108,-2.4379144,-1.6845033,30
39649,-9.220618,29.68681,-1.680613,0.046593845,24
42211,1.6996645,-21.36748,-2.0989766,-1.352205,23
164475,31.978975,32.568127,3.4768515,3.893701,28
3319,-20.543383,-11.28321,-0.36024475,-0.043388546,4
39731,12.792781,-7.441302,-0.11194885,-1.0819972,4
137831,25.256987,-37.948296,-0.4272681,-2.7174728,2
127095,23.504534,30.819283,3.1575556,2.6297832,28
45184,-39.01702,22.918753,-2.1250706,1.7165825,16
69243,-7.9166417,-18.7217,-1.3272814,-1.6265996,10
26915,36.04403,13.580284,2.1130896,0.25862125,28
50133,50.55374,-16.830164,3.226553,-1.6611621,20
100246,15.426921,-41.476776,-0.20948291,-3.8929193,10
52491,18.965204,-4.7302165,0.44606566,-1.3575454,4
145229,18.378542,-37.590816,-0.22944152,-4.2512884,22
64154,-33.336765,-18.489946,-2.4269443,-0.35281426,30
30511,42.85734,22.348135,3.2985907,3.2380815,28
120363,-24.437616,-24.108133,-0.9141991,-1.3733158,10
113526,48.77829,-17.236958,2.154982,-2.4494097,34
124332,-9.173401,-4.267327,-1.3559632,0.27770483,24
160130,-12.785062,-5.3325586,-1.0487183,-0.29004008,7
5980,-51.746914,30.260292,-4.450783,3.801749,16
21385,58.633358,9.885905,3.9036012,2.1074188,28
144272,7.3166804,9.3955145,0.9240364,-0.3281229,34
22886,1.1903833,-0.9043283,0.35436237,-0.94464535,39
4417,-31.618984,-30.01893,-2.4906926,-1.3198702,30
15315,-35.947704,18.374271,-2.8755684,1.9264946,16
127313,38.853043,-18.305593,1.2065984,-2.088866,39
71935,-42.54104,-33.246624,-3.5574102,-2.724638,30
46118,17.850649,-10.907014,-1.4211049,-4.36817,37
163873,3.0941932,38.046917,-0.94079375,0.72086036,24
68780,-48.68171,17.25942,-3.474297,1.8999672,16
41222,45.20333,21.147873,4.441773,2.6335433,28
161431,8.844481,-3.5071304,-1.5868964,1.3618164,24
87501,-26.621574,-40.770702,-1.3421992,-1.4528735,38
6540,56.64195,4.582285,2.3077946,0.1932849,4
124428,6.245695,-14.161773,-1.0578084,-2.826576,10
87103,30.384289,6.501411,1.6520654,0.42884716,5
36932,-34.96518,17.289328,-2.733352,1.9469738,16
7623,-4.4688087,-41.015232,0.3238454,-2.4681728,34
12035,44.569515,-22.787853,4.170999,-3.060013,34
154207,-40.624027,-25.256334,-2.386633,-1.740869,30
100711,-15.199579,-33.940052,-1.9835982,-1.3025692,31
11063,-43.7357,29.574743,-3.0071187,2.3704772,24
36665,50.177372,11.065897,5.494794,0.48547664,28
166590,-37.98902,14.734458,-1.4250848,2.3340383,16
168165,12.04267,-31.78645,-1.4743001,-1.7235651,2
53127,-31.250038,-19.071638,-2.2464898,-0.54940313,6
162597,15.079723,-3.141276,-0.33819747,-0.54488474,4
131482,-20.48597,-2.6276252,-3.5683494,0.20484465,16
113940,40.17687,-20.939066,1.5548996,-3.0263948,9
22544,51.692745,22.701607,8.898485,1.9792893,28
68277,8.964835,-4.798733,-0.806258,-0.36497003,23
78559,18.343904,-32.85441,0.40598798,-3.5586345,22
90807,-31.160576,-23.863214,-2.5361438,-0.42276496,30
32832,-34.45217,-28.688776,-2.6647642,-0.8511166,30
64602,-12.87173,30.286982,-1.7375368,0.7288351,24
136779,-29.41278,18.048132,-2.9351425,2.2787848,16
28686,32.653183,-34.94023,2.8815222,-3.0168638,33
113912,45.831467,-20.76627,1.5254432,-3.0924866,39
158671,17.046349,0.42311794,0.16375399,-0.48934323,4
5538,53.8631,16.07874,2.409378,1.5484095,28
55502,-10.416089,-7.7929296,-0.60357904,-0.9684723,24
66444,-21.640902,2.4183524,-2.1436129,0.8796205,16
9358,-43.79754,16.815754,-2.2185297,1.3880422,16
46337,-16.171696,28.099218,-2.6086714,0.9561568,13
109432,24.819242,0.8661816,0.5005568,-0.46880108,8
91292,-14.534906,39.817432,-0.9742561,-0.37774163,11
116076,29.41531,10.074704,1.3801953,1.146335,8
169242,-34.761295,-28.684092,-2.7446117,-0.99844486,30
61522,36.02487,14.963628,4.0475426,1.2667582,28
103162,54.902817,13.036023,4.5334005,1.5683701,28
80710,38.31562,-15.465989,3.1982384,-1.8324964,34
151480,-6.6188912,-38.165344,-0.26298654,-0.5786529,26
162461,22.404917,-21.549686,4.5120177,-1.8679385,34
65374,-35.26982,-0.19284967,-1.8154011,1.6360679,13
157334,11.018095,-11.218574,0.71243703,-1.4299836,4
43825,-18.646463,28.561083,-2.5850093,1.5031669,27
104016,-2.5291839,18.327978,-0.041401625,1.4855428,17
127190,21.075508,-19.606329,1.1461772,-1.7245102,36
162867,10.557129,-5.1825447,-0.95270044,-1.2529712,5
156326,8.654976,1.1451802,-0.36555994,-1.2281177,5
118080,15.306171,5.9227557,1.4538785,0.7908321,4
138674,22.734411,-0.5194158,3.202694,-1.02513,8
127010,46.06038,20.894829,3.91334,2.7373867,28
20206,-21.511108,3.342531,-1.969733,0.86440873,24
45457,-7.10447,19.564505,-1.4317827,1.0094343,10
66485,-10.778488,14.012895,0.4247837,1.238944,18
13765,-26.016191,9.81636,-2.3070955,1.655519,16
71919,-15.486505,-36.81183,-0.52310205,-0.91083544,26
1398,49.685757,-21.686728,3.0161958,-4.767201,34
140135,-47.317562,15.94729,-2.8000412,2.1159046,6
148814,10.084849,21.72051,1.5285667,1.5483999,28
47785,12.855239,-29.939493,0.6230246,-1.6126854,2
129605,43.89428,15.82033,5.3019476,1.8477168,28
118468,-38.481262,17.24639,-2.1222715,1.3560119,16
50829,47.617363,-15.692252,2.1455355,-1.5959849,20
153818,35.11978,-14.35924,1.9847225,-2.1774907,34
62489,33.425743,-38.597717,3.8152127,-4.203662,33
75056,-2.01729,-39.31285,-0.046020508,-2.00016,26
64529,-30.240944,31.54492,-1.6461972,0.25677836,6
148911,-14.02942,11.723877,-0.95272934,1.7220888,18
103567,-29.31648,22.918314,-1.4132019,3.3663986,16
125945,39.134937,-21.413307,2.0753207,-2.6953945,20
60442,-35.979683,14.770182,-2.4674573,1.959105,16
111787,-28.745556,-38.11277,-1.0615308,-0.6422214,3
117830,33.9593,23.736372,5.117822,2.7424629,28
32625,2.6052303,-16.13726,0.107156515,0.3074196,6
82499,15.668764,-22.074306,1.6141406,-0.8228789,10
83342,56.74255,13.753309,5.02023,1.1802095,28
101093,-4.538156,-38.22021,1.2235893,-2.445893,26
8286,3.9054594,-18.821503,-1.8818698,-0.6447579,6
156507,49.552635,-16.213701,1.877489,-1.4242887,39
69886,28.48797,-36.94159,2.5162916,-4.702822,2
106469,-42.430336,36.16952,-2.6110191,1.8010297,16
134895,51.23179,8.544589,2.7132063,0.47709954,28
92160,39.593376,17.58246,2.5735312,1.8942518,28
64564,39.853725,-29.02787,3.2102804,-4.777825,2
24202,-24.415419,-42.696865,-1.3471655,-1.8464417,38
86869,32.067318,12.667218,3.2665644,1.8520741,8
139848,-15.886607,42.29746,-1.5427215,2.7427874,27
147113,47.533787,25.006489,4.6658096,3.2988467,28
150815,12.977845,-39.183746,-1.4555353,-3.3882034,10
37294,-31.645699,-31.42523,-2.7297783,-0.70259327,30
73177,0.0043874495,-1.3411417,0.29417062,-0.06462169,34
16386,30.920248,1.3484325,3.470375,-0.36568373,34
148749,-36.52266,-20.32178,-1.9740548,0.023929656,30
101352,57.763893,11.4998045,5.0395784,2.4778736,28
16250,11.022781,28.529963,-0.7778477,2.0779195,16
88568,-21.206694,-5.0333624,-2.7828135,1.0199783,24
107700,19.939589,-40.416603,0.81955326,-5.4091287,22
98984,-27.244888,-38.984882,-1.444032,-0.6118328,10
91533,33.46354,22.871721,4.577177,1.304903,8
59847,9.381162,-27.00755,-0.41281617,-3.3517196,23
62506,-15.808513,-39.450436,-1.7596047,-1.354147,3
46027,2.4590883,26.683172,0.90866315,0.5396826,19
83131,25.239027,-15.734163,0.86072433,-1.1583426,34
2724,30.830387,-24.209438,1.6618184,-0.1845535,28
154663,-16.930979,33.508045,-2.5941467,1.5195563,24
37592,0.36746877,39.90669,-2.0453885,1.079857,24
147649,19.249243,-0.13273787,1.6988124,-1.0098639,4
121582,40.630295,-22.642855,2.5289536,-2.7906752,34
139796,-38.69845,-0.008969766,-0.6186697,1.8191857,16
114032,30.167156,-34.93384,1.859991,-3.0545542,2
85681,-26.994198,15.550911,-1.5386771,1.1271179,16
168476,-15.317256,23.05776,-1.5921836,0.6798928,24
68370,-11.902103,34.13539,-2.6225667,0.800011,24
132967,-42.60311,15.902375,-2.2762444,2.083349,16
81108,15.055395,0.2064839,-0.899541,-1.2868536,4
21004,-46.678852,26.975698,-3.5296874,2.8572211,16
168428,-5.0633593,-36.53477,0.52798533,-1.1105664,26
71493,-30.353699,-25.953226,-2.0200918,-1.0775676,30
95846,-30.972572,9.862054,-2.6098204,1.8729334,16
122627,39.589905,-30.13926,2.3176804,-5.4278774,9
46014,35.313316,-19.799047,3.3956227,-1.3407512,9
118031,22.792782,2.8560119,0.91773903,-0.45921618,8
116212,-38.990852,-22.80478,-2.4216619,-0.06039858,30
131976,39.128937,-26.297564,2.219489,-2.8498385,14
40892,-18.003647,28.055044,-2.3791673,1.5069296,27
53515,22.34138,-41.871864,0.24410617,-5.0953965,2
89419,46.450577,18.603642,3.7840667,1.3497808,4
164811,-7.453235,0.38418415,-0.21721363,0.23774755,24
159330,-26.484549,-30.18308,-2.2973566,-2.4680653,30
169098,40.147842,13.495663,2.3636465,1.689331,28
139095,-32.841663,-32.747864,-2.517863,-1.1831231,30
109744,20.331263,34.36211,2.4450665,2.2251647,25
16429,-45.755184,13.966125,-2.418511,1.2348205,16
155823,-42.29074,27.345568,-2.9072573,2.5681794,16
74247,41.72036,15.253938,3.6559916,0.76753384,28
83681,8.166042,0.4771869,0.06962538,-1.8797941,5
100740,-56.529144,16.35106,-2.3099542,1.4653795,24
164492,39.03617,-22.029284,0.7572228,-2.6452115,39
40354,16.952274,-19.35471,0.14579523,-0.9627624,36
25305,47.059265,28.775965,7.3426304,4.133661,28
53323,29.101915,25.510065,4.6551642,3.3370528,28
19792,-18.700289,-24.303635,-0.3422507,-1.7501771,10
120024,17.946371,-42.91756,0.2738986,-5.051062,2
128659,26.998102,31.701593,3.095879,3.3127213,28
124012,44.51165,14.973394,4.726478,0.9718436,28
126085,-15.290671,8.989036,-1.6930811,1.2228273,24
110468,15.963137,-11.847104,0.83558714,-1.7956555,3
156143,21.085958,-6.3130836,0.7869421,-2.6472511,5
95141,-17.40549,-28.4188,-2.2432742,-0.99325174,31
64107,-8.432665,32.125465,-1.3941455,-0.34688348,10
27969,18.972273,35.227753,2.7254572,3.9715452,28
93352,-19.136278,28.201591,-2.4774036,1.2711959,16
152665,50.060352,23.667688,6.5696507,3.0291276,28
30242,-15.765838,7.617621,-0.6660025,0.24331301,15
109583,-14.781715,-4.969308,-1.887954,0.29119304,24
136103,-41.521782,24.098988,-1.9155675,1.4527677,16
120875,-14.438369,35.761898,-0.4957918,1.0242784,27
136467,-17.543089,-37.38632,-1.0120795,-1.2305777,26
28186,2.101709,-12.23377,-0.49629748,-0.94601446,24
29937,-26.747892,-8.38072,-0.4398933,2.6334198,13
120831,-44.6757,-11.891108,-2.5206041,0.29619804,24
15931,-34.401722,-24.575602,-1.8571308,-1.0664353,24
70056,49.588127,-19.556517,3.6486692,-3.0908966,34
79978,-9.848523,31.769537,-2.1062765,-0.11501491,10
32489,-43.98937,22.804846,-2.9956279,2.366306,16
99267,-8.069362,-41.77292,0.6481639,-2.040856,26
105895,-3.8587866,-5.1828375,-0.8773677,0.2277236,24
120397,-10.726485,-15.898973,-1.0062351,-4.3551354,10
23037,25.221907,6.289012,1.7673734,0.43667042,8
43920,18.999365,2.4788768,0.53805065,0.1099512,4
145713,38.890713,-26.9286,3.2794023,-3.8967736,9
41903,-39.41827,22.462898,-2.1616943,1.781286,16
117005,-18.426647,9.453732,-2.017201,1.9197173,13
6702,15.172993,9.014887,3.0532966,1.4716194,4
117945,-23.02077,19.71636,-0.9596908,0.60617536,16
130766,-26.664131,10.891747,-1.8706775,1.9821575,1
68845,-26.82582,-20.480553,-1.9501979,-1.3703804,24
42960,-40.768856,-26.789461,-2.2048793,-0.9259102,30
142417,-27.866493,5.310067,-2.4704819,1.677094,16
131424,-12.1086235,32.54225,-1.9934986,0.5334254,10
150143,-10.631906,-32.03266,-2.3335528,-1.5461454,23
46470,-44.355923,23.464964,-2.9579346,2.1180544,16
122532,-33.736504,15.689663,-3.3268204,2.39365,16
120273,-31.457582,-3.6481822,-2.0617776,1.0729917,24
32618,40.78829,22.996971,2.7029715,1.8021021,28
57821,-44.351395,16.303288,-2.2546031,1.2516391,16
56463,20.727829,1.6158355,1.1502556,-2.1094127,4
42009,-18.984991,-36.777252,-2.207519,-0.80819684,30
136813,-21.095058,-17.750658,-2.826167,0.068669856,24
78389,3.1235638,10.375581,1.4759368,0.510598,28
65023,3.558897,-24.668259,-0.74642944,-1.063137,23
74303,20.768553,-4.811622,1.0386485,-2.174708,5
54814,13.687231,-8.588942,-0.48954684,-2.3545861,5
38277,45.335743,18.966549,3.7302423,1.21318,28
41545,37.75943,26.982157,4.3626385,3.4367406,28
146153,-37.130768,8.651176,-2.3904743,1.6313971,16
78693,-23.167933,-7.06729,-2.305491,2.1160293,24
94046,14.869987,34.480343,1.3136736,1.0707437,0
70161,-41.255547,-25.734034,-2.563281,-1.222575,30
35089,-22.870026,-28.602627,-2.0505838,-1.0414708,31
147161,13.223407,-4.107761,-0.21418726,-2.370407,5
79999,31.87214,23.89498,4.295298,2.4872458,8
167894,-9.768087,0.95922285,-0.7988011,1.1889856,24
143991,41.466152,-8.233303,4.3927655,-5.0558195,34
139369,-40.944447,35.34974,-1.5309726,1.5292923,27
8599,-47.502018,-8.483776,-2.5658207,0.9818398,25
83069,18.60414,-39.879864,-0.65235204,-2.6083944,2
159814,-47.19738,23.309303,-3.0439425,2.584168,16
22019,29.219557,-32.29863,0.65106547,-2.7066524,33
18928,-28.128716,-25.141335,-2.233945,-0.50628823,30
60299,-23.48478,6.16171,-2.4983087,1.7387996,24
78879,1.8925294,-2.9681125,1.3956295,-1.3871162,9
136717,36.19664,26.197805,4.450136,3.2989123,28
30986,-10.141499,-4.5966864,-2.1084433,0.6250465,24
76140,-7.214625,-43.16463,1.4974858,-1.2586191,28
75444,-43.09533,-5.54897,-2.4413085,1.623451,24
9961,26.928423,22.959272,3.357483,0.07801008,36
67179,46.76103,-23.214441,2.4259014,-4.8092875,34
101257,14.124707,-9.382819,-1.2974857,-1.5483444,24
131668,29.602749,21.387909,4.2178087,1.4740331,8
17524,-31.916372,24.302147,-1.0304623,2.634195,16
30397,4.255271,23.156757,1.0635754,0.23609427,19
127323,-34.864998,0.16999143,-2.421575,1.625408,16
153336,-14.995318,-4.2218323,-1.8111278,-0.08563709,24
70125,-11.681002,29.594873,-1.6470134,0.2356084,24
6528,31.812958,12.827696,3.2623024,2.7163026,8
153420,-35.657,25.228529,-0.50888115,1.6963944,6
161556,11.67074,28.403698,-0.097824216,1.6932931,24
152853,-33.209904,10.544621,-3.0435066,1.596318,24
161587,17.56151,-9.600279,-0.42171246,-3.58723,34
129362,1.2734071,-41.85634,1.0712734,-2.1412451,34
61545,2.8672335,10.863849,0.3539362,0.33472034,26
12046,42.09555,12.442923,2.407668,0.9343566,28
55183,-3.0109982,-13.855288,-1.6380048,-1.0405385,10
55466,-37.11425,15.315343,-2.2533772,1.7477715,16
116527,31.245737,-25.189014,2.0528407,-1.9530928,2
114965,-37.78842,6.196243,-2.7906342,1.7357364,16
25359,-28.213804,-24.263828,-2.2700472,-0.26986665,31
28765,44.385685,14.5996475,3.781094,0.63820106,28
106367,22.45355,19.125515,0.7215396,2.4393108,8
124493,18.684689,35.511024,4.288078,3.6867886,0
103269,1.6071746,5.703594,-0.45153725,0.11498618,10
62103,-3.7222128,36.762722,-1.3167057,-0.46203405,24
39179,0.28977546,38.772007,-1.9173293,0.80311,24
30895,28.642593,-35.35483,1.6469845,-2.7750638,2
13551,-11.866275,41.807228,0.4396937,-0.25700593,19
110565,-22.163517,40.86797,-1.168595,-0.23337466,27
154604,-14.911225,-26.651382,-1.659482,-1.6852088,31
61231,55.117027,16.372908,3.1749496,2.1898835,28
156738,-28.39845,-18.35497,-1.913624,0.08488774,13
116678,-1.0203356,-3.7418225,0.51654303,-0.7420073,24
85497,-16.393606,11.264587,-1.7784836,2.3789284,16
60203,-37.17775,-23.160625,-2.5957983,-0.5719517,30
30530,55.517895,-4.7330265,2.3129463,-1.254318,14
140307,23.985918,-39.14902,1.4054121,-3.324342,22
20381,50.13727,17.286238,3.6996136,1.662024,28
21722,-25.654192,15.871035,-2.3652396,1.9580889,16
46941,-42.98072,-5.1626472,-2.578969,1.6226237,16
38988,-23.699656,-26.755283,-1.59154,-1.468518,31
17902,17.5906,0.3612808,-0.043787956,-1.6471994,4
155535,9.143614,20.468721,1.3259002,1.5775447,28
141671,37.968044,25.004894,3.6741343,2.8222332,28
45773,18.528242,30.231192,1.8689975,1.8758659,28
45754,-2.9387188,-15.875511,-1.1212393,-0.91160876,10
29979,22.523975,-32.71699,-0.011567235,-1.6513033,19
111148,26.83469,7.797665,3.3072495,1.506805,8
64854,-20.829561,-32.59109,-1.6809428,-0.48536068,30
94996,6.9899783,2.318052,0.92104566,-1.8891938,5
127189,-28.28192,-29.275293,-0.9627024,-1.3707969,24
20351,44.15046,-23.761875,4.6034956,-5.616447,34
159514,20.184212,-0.8039404,1.0253426,-2.715,4
100107,-6.7442145,25.973892,1.2740487,-1.6655602,11
12859,-42.091434,25.51065,-2.194705,1.412569,16
75351,23.897326,5.462936,0.6501597,-0.19623035,8
137562,25.137688,2.9553082,3.4579182,0.14475769,8
51561,-20.805222,-24.936512,-1.219626,-1.9772656,10
90127,-16.758955,-38.58942,-1.2757654,-0.9954404,26
104558,-34.684544,0.36134344,-3.5242667,1.7432635,16
27983,-48.398624,21.619648,-1.88649,1.8097048,16
17308,1.8435382,-28.677792,-1.0020156,-0.051655114,17
140675,-32.877098,-10.906369,-1.924634,-0.8398017,24
64655,-16.53726,-12.938621,-0.8843758,-0.75256723,24
135553,24.497894,6.0064316,1.790749,0.4883591,8
17364,21.293812,-18.10773,1.6117483,-1.9386201,34
45791,-30.190392,-24.206818,-2.5283315,-0.30825293,30
58143,-51.346092,26.782288,-3.8632646,3.195142,16
88067,16.41851,34.536263,3.456935,2.2503254,28
800,-19.611305,2.9553447,-1.5765636,0.8306397,24
323,27.200308,20.454544,2.000352,1.548022,8
48154,31.345734,24.08388,4.222781,3.0832107,8
120244,0.91602224,-13.944848,0.44818902,0.36581257,17
160872,-33.786346,18.720356,-3.2391293,2.5620048,16
117325,-8.723753,-38.517696,-0.9756768,-0.97374815,10
13897,-27.0729,-25.094238,-1.941387,-0.37193328,30
37152,47.300583,30.762957,8.041037,3.0775363,28
54354,-25.656473,-30.857292,-2.1590247,-1.0084887,30
125500,-42.08215,-11.52585,-2.3001652,0.54895556,24
11128,-31.569853,-25.135288,-2.1221242,-0.8314037,30
137906,17.309013,-33.949604,-0.553034,-2.9798708,23
143106,41.6254,33.238995,6.8491907,3.8621542,28
28102,35.938026,-3.7840405,3.2111712,-2.4113994,5
73766,-2.4974544,-40.810177,-0.42790836,-2.0675254,24
166550,-26.889984,4.7788005,-2.2479134,1.3034608,24
30972,-34.433125,18.822426,-3.538179,2.5094419,16
155721,56.39742,5.903105,3.7596364,1.3855045,28
42111,5.8066835,-27.775225,-0.5817501,-2.295199,23
71870,-23.897596,-31.740294,-2.377161,-1.4900904,24
26381,-0.42856923,14.957552,1.8515419,1.189934,7
96089,-55.806957,23.309437,-6.7924967,3.9018493,16
165458,47.78527,24.451662,5.749918,3.5148668,28
63282,45.350628,22.941225,3.1369462,2.9971123,28
52547,-13.705798,42.35908,0.54964435,0.25740924,19
23346,6.924308,-45.61638,0.081214905,-9.535418,37
99953,-11.997836,28.776693,-1.5623583,0.36102507,13
34957,-30.413603,4.1613517,-3.0605092,1.6565744,16
156121,-20.543762,-0.6604013,-2.804795,0.6576473,16
148043,1.8780345,25.468124,2.1702337,-0.5643926,19
112902,-26.495773,-25.41266,-1.5413452,-0.6292308,26
1325,-27.068508,-2.8325763,-1.2304003,0.14256138,24
125652,-19.897068,42.06601,0.47439802,0.27689183,27
122489,-3.3745658,-8.362935,0.41359687,-2.1724246,10
24968,-19.59005,16.543518,-3.1275063,1.4719071,16
59948,43.20574,34.726456,15.283769,9.60142,28
151943,-16.556799,1.0816308,-1.53853,0.8161942,13
14907,14.516051,6.306809,0.75790036,0.5497439,4
111765,1.6656985,5.8991785,0.087598324,0.622909,24
136460,18.414461,-38.059246,-0.03396976,-4.747582,22
78220,29.242552,-35.697784,1.7063175,-3.6044652,2
110798,11.36201,-5.1788692,-0.5370142,-1.3571513,23
42556,-43.910534,-11.658056,-2.287875,0.8803129,24
128961,-13.716423,-7.724331,-1.6441989,-0.9160761,24
6019,47.20025,-17.781158,2.898312,-2.6609871,34
164130,-7.136348,-43.362503,2.1558943,-0.22199559,26
48361,-21.89052,8.812138,-1.4945357,1.4703553,16
8383,43.406647,12.515995,2.4053535,0.21834439,28
138823,-15.31215,40.819176,-0.55420464,0.41012102,27
107586,28.154581,14.07022,1.454913,0.46485764,36
91802,-2.787667,-34.839806,0.016958117,-1.9869485,34
74079,17.07746,-38.842472,0.28942406,-5.8158174,2
23661,-32.22759,-26.596317,-1.8888881,-0.744216,30
104168,-36.16238,-27.174738,-2.1677518,-1.3955402,30
49406,-9.304709,-0.85108465,-0.5027614,-0.9101011,34
113995,49.46619,12.214665,3.1105037,0.99313116,28
75595,-34.818962,18.36669,-3.178053,2.2592795,16
42827,-22.01811,-32.748383,-1.881029,-0.9789929,30
141301,28.509184,9.225054,1.6188618,0.6624524,8
8158,38.000168,23.585741,2.8305702,2.0033689,8
45651,10.5260105,-43.02952,-0.92787504,-2.5982883,2
6315,-37.02713,-33.192993,-3.2995982,-1.7958167,30
88872,51.68998,-17.55545,2.7672386,-2.4352903,20
31148,-12.473435,40.13319,-1.226486,0.34638426,27
26202,39.03239,35.429127,10.55835,4.383281,28
158983,-15.270649,-45.06037,-0.75228506,-0.42363173,3
63457,31.11372,3.352372,2.2886906,-0.80240935,8
112462,-27.249792,-31.297638,-2.4760652,-1.0386691,30
34548,52.63982,16.169397,3.0128474,0.87040865,4
70630,8.050978,-3.8114376,-1.7972047,0.06594217,5
119796,-13.150551,-10.852219,-0.9677705,0.19289663,24
123748,-15.910423,10.923152,-1.4512347,1.7600069,24
73498,-23.270256,7.1530294,-2.4368434,1.3827354,24
27649,-35.7668,9.997581,-2.626794,1.9916906,16
118749,30.22932,-29.315107,3.1211228,-1.0721743,39
33608,-27.940962,-27.882008,-2.0324214,-0.9515758,30
7260,-7.8088374,-38.376167,0.44436228,-0.4438885,26
38981,19.516754,-6.2372093,0.854108,-1.5107365,4
70589,-19.01682,-17.225836,-3.2581987,0.09405172,24
163758,35.111057,-37.214783,6.771017,-5.2133093,33
16218,39.157627,-17.604134,0.9243463,-2.2544112,39
73295,41.105236,30.168638,6.1144314,4.291143,28
115510,-9.809165,3.0622,-1.1975133,0.38139942,13
70163,-6.587701,-4.5248246,-1.3414838,0.24209234,24
3565,55.099648,12.553719,4.2209144,0.80112493,28
75659,35.14125,20.137976,3.4633126,2.3180926,28
5119,23.60326,-26.215609,1.7990776,-2.9546685,36
52875,12.509664,27.031446,0.46991932,0.8405037,28
40044,-20.80647,-34.696976,-1.7526263,-2.199686,30
89557,17.581173,-28.449104,1.1006633,-2.1489694,28
123397,31.238747,0.24924032,3.893906,-1.029094,29
115627,-26.359085,11.199501,-1.3503348,2.2792854,1
14342,-44.734394,24.764269,-3.3180723,2.5097203,16
139932,-34.208416,-32.910675,-2.6027699,-1.1688392,30
58447,-8.446463,-24.58153,-0.07539201,-0.4847098,21
5153,-27.856304,-26.830826,-1.6555127,-0.8692878,30
3945,15.739735,-42.95987,-0.8011386,-3.5966861,10
48226,2.0278761,-28.618196,-1.4457752,0.22017974,6
68503,-24.927673,-16.809902,-2.0590088,0.3476752,24
148487,20.528822,29.574825,1.0331258,1.1305337,28
127440,-27.923336,5.5253115,-2.4648485,1.7727785,16
1714,24.805092,-34.19225,0.31149054,-3.2951455,33
52688,30.793455,-1.7117168,1.7467986,-1.4853997,13
6754,-4.1855335,-20.577509,-0.6172094,-0.6141091,3
87536,55.602432,13.982017,4.485958,1.0580323,28
128545,50.35444,-14.081911,1.726709,-1.2255611,20
72170,23.592182,9.784708,2.982389,2.55379,8
5015,-1.7505273,6.8197236,0.15719438,0.6043202,27
103471,20.499933,17.868078,-0.2523278,1.1498791,5
11751,16.263407,-22.799377,0.49504554,-1.5070558,10
93221,-34.364784,28.597437,-0.44964665,0.46657223,27
80943,47.516266,24.925201,4.1687493,3.3644578,28
90905,18.294697,-24.072142,1.6295825,-3.7956421,5
120488,8.346019,-26.854359,-1.3343786,-2.913998,23
3016,8.391319,-42.875618,-0.89513195,-2.9463096,10
60407,-24.739822,12.983847,-2.2915788,1.5417228,16
6579,16.92859,30.836416,1.8766624,3.0775893,16
42671,-48.832912,21.998268,-2.7151937,2.5872862,16
11558,-18.678835,-39.577835,-2.722066,-1.8307765,30
150088,-31.871067,9.073017,-2.8164456,2.0706193,16
114279,-6.3430433,-35.028645,-0.9727938,-0.5696791,24
115656,-38.767094,4.106813,-1.7490816,1.249963,16
14682,55.777927,-5.6247816,1.8944651,-0.83137065,19
23598,-31.612505,-21.71827,-2.3484368,-0.14466095,30
14085,-19.202803,-30.492674,-2.2193313,-0.7841901,23
46740,-41.920628,24.46185,-2.2255054,2.294081,16
35527,35.007027,-7.051483,1.787202,-3.1951954,5
120561,22.893763,-21.205183,2.3337955,-2.798245,36
145156,-38.456448,19.515326,-2.587694,2.2443635,16
168039,-22.171543,7.05244,-2.0915344,1.321302,16
3414,-26.764374,18.134132,-2.7883663,1.8914084,16
56376,-27.480534,14.411445,-1.914855,1.7227197,16
61067,44.30294,-15.608825,0.6043658,-2.4789166,34
32129,55.48261,16.68163,3.5609508,2.526821,28
66108,20.531984,-20.906132,1.4004136,-1.5672829,36
84218,-56.473343,16.48612,-2.5288029,1.0259997,24
129616,55.831573,9.856638,2.3129716,2.291417,28
85117,-0.46860236,16.22206,0.12547684,1.624969,19
875,41.064857,-9.145533,1.8094026,-4.1042047,33
1069,39.846024,-23.973303,2.54944,-3.660113,9
52988,13.776684,6.058672,0.80333793,0.044615567,4
23456,21.83963,0.014434925,1.973668,-1.2764683,8
130582,-45.071407,9.958205,-2.144512,0.67000157,24
87539,24.777163,-29.001015,1.1662582,-1.763545,7
21894,-23.217089,33.915813,-3.4058695,1.8676417,27
153813,9.70734,-40.459,0.8079275,-2.47049,34
163090,24.77096,17.910566,1.6259526,1.8374646,8
96827,12.714172,-11.119897,0.4402957,-0.53467673,4
143506,-30.067514,-28.001373,-1.5557177,-1.6187506,30
36875,-22.292015,-12.443903,-1.0257221,0.46138185,24
163435,21.506784,-4.2510777,1.2680806,-3.5028718,4
168540,-42.908665,-33.761066,-3.9902673,-3.2977293,30
16703,21.347075,-38.186115,0.6412219,-4.788228,22
76496,34.68133,-33.88768,2.756763,-1.8746562,33
93294,-28.578835,-13.344579,-3.2314446,1.0132675,24
100289,-15.07907,9.09677,-1.9050096,1.2031562,5
88520,-42.14331,17.053352,-2.275779,2.533852,16
167553,-20.349764,-12.9515085,-0.8018571,-0.865655,39
30130,-15.6481695,-0.74095345,-1.2634395,1.3546727,24
90088,50.46105,23.6254,7.3143797,2.8715115,28
122982,-43.44227,27.649952,-2.7338648,1.9342887,16
59477,46.74842,-16.45577,1.8648187,-2.0345285,20
44075,47.86693,20.54243,4.7825923,2.2823431,28
125285,-9.188372,21.60326,0.20214486,1.440267,19
80847,-43.615402,13.836771,-1.1137681,1.3641007,1
149218,-6.3979583,-25.240751,-1.7857654,-0.52406114,6
150053,-19.881685,40.735996,-0.9552963,0.6590077,27
76763,-44.358597,-11.083735,-1.4676716,1.642138,25
46522,15.542357,-37.31417,-1.037176,-1.9157732,10
122875,-12.846772,-32.849434,-1.479209,-1.9140706,3
83311,2.0592585,39.833195,-1.201678,1.4172957,16
134873,-38.820103,-25.658737,-2.4654856,-1.187269,30
152760,-11.349374,1.7426312,-1.3133068,0.4789552,24
57938,41.35629,-19.233139,2.117391,-3.0236769,34
17307,15.461958,-40.82329,-0.6161041,-3.0659902,2
54432,12.372049,2.2459788,-1.5265,0.30844045,4
481,-51.81533,8.59127,-2.3458295,0.21198499,38
108338,1.2246685,40.804142,-1.6815474,1.3353744,24
134094,16.891407,-5.657041,0.55442536,-2.275339,4
10883,6.526317,-14.670192,0.42017794,-1.8086426,23
56579,54.248264,14.795643,3.8853855,1.2752483,28
64011,30.154737,3.210535,1.8704327,-1.0309794,19
83141,7.200328,-42.64913,0.27356386,-3.4120376,37
84187,-27.988117,11.757161,-1.9684665,2.102617,16
60829,-37.76598,-24.114555,-2.7053316,-0.8613736,30
108917,28.15569,15.403366,0.9350916,1.2209198,10
56405,-26.165504,4.946231,-2.1662269,1.2630293,16
26896,-22.383299,-35.454544,-0.19176161,-2.2833812,26
90233,29.609283,-7.777065,1.8376626,-3.3377917,5
34882,-50.660633,24.272715,-4.3127756,2.856404,16
166483,-44.46325,-11.776913,-2.050717,0.2173816,30
98274,28.408665,13.481425,2.081007,-0.23485392,26
129414,-21.034767,-5.2871914,-2.5708761,0.9212271,24
99519,2.1274123,-34.523586,2.3649635,-1.4545481,19
83558,7.673784,-13.962546,0.28352296,-2.3342092,5
139610,-26.324139,-0.19980437,-2.2881818,0.879759,24
41114,-1.9054185,-20.758268,-1.1223437,-1.5857852,10
78376,-9.33351,-21.340803,-0.38423216,-1.5636184,26
2609,14.880926,-38.870968,0.6669818,-3.3288162,4
146281,-13.083802,9.441958,-1.935149,0.6872543,5
38978,26.423307,15.902018,2.0145712,2.240343,8
105165,-14.020247,6.702886,-2.2011847,0.96434236,24
36627,19.795128,6.5794344,0.46553898,0.30706415,8
141684,20.834835,8.645731,0.15986478,0.3150128,8
25506,-32.37359,11.748972,-2.019379,1.7692125,13
32575,-23.135342,12.550972,-2.06778,1.2457038,17
24101,-13.066054,9.516406,-1.3775817,0.62246823,5
154155,-40.43912,33.91574,-2.0352414,1.2850349,16
74533,-4.0070996,1.8301479,-1.124534,0.35426265,24
102628,24.726192,-21.057478,2.436225,-2.1868677,36
154534,35.5858,27.714502,4.954153,2.4516842,28
126612,-42.51284,36.445663,-2.527288,1.7186823,16
119487,-44.05118,-2.8268197,-1.8852582,1.3809087,30
110157,0.7945868,-3.1836524,0.99502075,-0.9336441,24
84797,-43.61204,37.69072,-1.5426868,0.3830734,20
104571,-47.931923,19.077606,-3.7436628,2.2644708,16
131880,48.191475,-12.266202,0.7378658,-3.037229,34
9669,-16.15012,-40.048042,-1.4613668,-2.021941,3
97766,14.49378,-41.832283,-0.36797607,-3.445299,5
120440,16.414959,-23.84678,0.039735317,-2.707354,36
166248,-4.99301,30.667116,-0.52865344,-0.47374994,24
44529,32.447243,29.550327,2.5101104,2.8142939,28
89728,42.555435,2.1211793,2.1444035,-1.3957989,39
58209,22.965101,-39.65402,0.85252345,-4.180077,2
55950,-7.553559,-41.8566,0.5085933,-2.3037043,26
38251,-39.3305,28.990528,-1.5415393,1.503,27
113285,6.5497203,-16.472174,0.74416935,-0.8882207,10
60763,42.83674,-12.148291,2.7860193,-3.246876,34
140217,-35.374992,32.83495,-2.1507301,2.145223,27
28119,11.624321,-29.860317,-0.9964118,-1.1109903,23
12321,-35.430183,35.642036,-2.0423892,2.057861,16
75544,3.1880364,4.0141573,0.95955026,-1.2605014,24
128542,21.360792,30.839588,2.6685982,2.464943,28
33987,30.306957,18.70139,4.5356197,0.4757383,8
123322,46.449345,16.900372,3.916431,0.570578,4
112624,3.3077736,4.1508746,0.4901073,-0.8803815,24
129382,-28.770695,24.01033,-2.2836483,4.00923,16
22351,-32.350117,-19.4342,-2.5200748,-0.44273323,30
106263,18.027367,32.153755,2.697464,3.0538964,28
158319,-19.17609,10.413034,-1.9466171,1.1427169,24
132163,-53.221767,30.629637,-4.555317,4.5298085,27
51431,-41.026043,36.525356,-2.3965259,0.97330105,16
153010,19.085802,-4.6584635,0.8679055,-0.9376312,4
151807,13.605988,-42.804173,-0.0813216,-4.477871,2
71016,-22.635118,1.4311258,-2.316665,0.4656649,24
76903,51.524178,12.0831995,3.676526,0.38903722,28
167796,26.923847,-40.45743,2.497593,-6.420277,2
146943,-25.876146,-43.129803,-0.84785783,-2.3938909,38
147007,40.10638,-24.823473,3.099947,-4.5234756,39
18142,26.767605,28.5786,2.925056,2.263349,28
132750,42.506947,28.58207,5.914124,3.376348,28
69337,26.254564,16.005842,1.8699023,2.0516033,28
102321,7.416675,-25.42261,-0.50500613,-2.3196573,23
102911,-51.03104,25.938341,-4.288772,3.208146,16
153503,-13.191634,-31.292467,-2.783815,-2.3646746,3
78069,-21.907686,-26.617945,-1.2123203,-0.99755794,24
47015,34.75628,-16.37355,1.8562776,-0.76692134,24
49677,33.053226,21.540947,3.690312,2.241518,28
167250,28.21528,2.51367,2.6753855,0.6653675,8
151101,20.619606,9.090277,-0.16790605,1.136924,21
12194,2.6753294,-5.502532,0.9892465,0.35610637,24
81267,16.400852,-4.754487,-0.24842656,-1.4620011,37
77419,-19.658901,-6.4203825,-1.7863758,0.30457678,24
4168,40.895615,-20.126862,1.8170832,-3.0993214,39
26241,-43.409634,-10.1713,-1.6336378,1.2584538,25
45112,-22.046267,40.690372,-1.7007529,-0.2988475,27
52037,29.453672,-37.926315,1.6780161,-3.6080382,2
56535,-44.533493,-11.946809,-2.3364704,0.10953599,30
32288,-21.61092,-41.717884,-0.905388,-0.8746341,26
146588,27.16319,-39.196697,1.7273175,-4.1736445,22
17991,2.879018,40.08683,-1.0514059,0.9289284,24
99117,10.278986,-40.904213,0.73477495,-3.7107756,2
29760,-27.686266,-3.2433777,-2.0594811,0.15152365,24
150447,15.999773,-2.6773381,-0.5552409,0.73762554,5
117971,21.887796,33.68585,4.4082665,2.295724,28
3123,39.56635,-30.449612,1.3201603,-5.195264,9
121162,39.7059,-31.089375,2.0831661,-6.8093185,2
6972,-25.163694,9.574467,-1.7421784,1.6967309,16
144432,40.94976,23.264143,3.5302196,2.3225245,28
145827,-8.999929,-43.984905,0.50508416,-0.55217093,26
25985,38.84298,25.461977,3.9052987,3.00141,28
128999,6.084892,-26.52546,-0.17711675,-2.0218608,23
162112,-28.076195,-13.642556,-2.1906626,0.5179392,24
115049,-45.605057,3.8915844,-2.589109,-0.066791296,30
22311,-31.876492,-19.921234,-2.2998314,-0.28556317,30
20269,-44.405293,9.2834215,-1.8294139,1.2123048,16
136069,-1.5985519,-22.391418,-2.0332906,-1.3100715,6
9410,-2.096119,13.7593,0.051763415,0.017961979,0
78003,-31.567623,-3.492921,-2.427804,1.3838578,24
2841,5.3513975,-14.381966,-1.9221108,-1.1260328,13
150755,-30.756105,-22.346653,-2.4049292,0.023336709,30
32884,-46.901066,17.944828,-3.5723443,1.951062,16
63132,17.491306,-18.22372,-0.36165404,-2.1343641,36
84576,-39.15846,-30.447262,-2.6543756,-2.0627215,30
61782,4.643829,8.807732,0.098446965,0.15428513,34
124617,19.78984,4.28322,0.27386713,0.017659962,8
77295,-25.812471,-36.097515,-1.6649871,-1.4603283,31
40919,10.335849,27.903465,-0.8521674,1.7112784,24
40201,6.46432,1.4599264,0.47560835,-1.1614819,5
113422,51.672646,18.284088,6.1158876,2.4496245,28
131542,42.699806,13.242364,1.385564,0.794953,28
24784,56.102135,17.914858,2.663422,2.3342078,28
50158,6.9319706,-16.933126,-1.1746154,-1.3911686,13
88527,-42.063744,-10.651956,-2.483161,1.3770556,25
42097,-30.063034,0.92612666,-4.153453,2.8698764,16
111620,49.15498,23.041485,6.588275,2.92314,28
28542,-45.161938,-11.312973,-1.7262647,1.5300276,25
15215,-14.92368,3.8805325,-2.0540373,1.04669,24
35614,-11.134865,6.5316014,-0.40924138,0.66751516,24
42524,-37.03356,-14.479235,0.36789358,0.44859934,30
80234,25.456114,19.6529,1.4217016,1.1379637,19
8569,33.90306,-3.7201304,1.9747881,-0.96294886,8
81294,11.246921,-10.612979,0.6020014,-1.2550497,4
81811,22.816881,-15.892137,0.42199838,-1.1663253,36
154808,-44.82551,29.449512,-3.2579226,2.131691,16
50318,-43.759144,19.863417,-3.2518663,2.6858392,16
131941,20.817326,-21.980938,1.3450924,-2.2298243,36
88026,10.619701,-8.847023,-0.9474982,-0.48509067,24
107468,-22.887226,6.0263863,-2.0940957,1.7063699,13
40267,-30.813284,-27.460453,-1.8873419,-1.5191598,30
76055,38.656845,30.672571,5.0567017,4.36485,28
39888,23.861958,-35.400303,0.9076518,-1.2732892,2
73455,33.385593,-10.748578,-0.27533555,-2.1325574,34
145526,-41.944122,21.801613,-2.8693366,2.399057,16
138308,-26.904387,-20.54668,-1.9610653,-0.91506714,23
75092,-52.195633,11.37232,-3.8232007,1.9554214,16
49992,-41.961903,-34.68333,-4.164625,-2.7517967,30
68700,-21.053751,36.586884,-1.241396,-0.12526852,11
164826,-32.908356,-18.980438,-2.8501816,-0.6151907,30
38386,-12.231308,-11.317799,-1.269213,-0.07801485,24
113813,-7.8651495,7.8500676,-0.83613163,0.21743345,10
165298,46.04733,-6.862848,1.4205066,-1.447228,9
126975,2.346436,26.449833,0.6798097,0.36876103,19
1970,19.824242,-34.67074,-0.7081624,-2.4865892,22
111626,-26.042158,3.493108,-2.3807216,1.3784497,16
19057,31.566269,29.04631,2.643968,2.6693907,28
157151,6.051695,2.6100423,0.17229462,-1.9174747,32
72256,-28.956673,-28.658802,-1.9155527,-2.074953,31
126651,-5.3025904,-4.221166,-1.0721608,0.59376705,24
46797,-45.712997,5.114893,-2.8248346,0.80609083,16
136107,-34.171097,11.694775,-2.9573221,2.0099277,16
162789,-47.820232,21.27294,-2.2561219,2.285187,16
89222,40.203003,-9.182268,0.5744275,-2.7057164,34
61315,-29.960373,-32.072105,-2.105851,-0.9632377,30
115722,-17.123644,41.0963,-0.6549422,-0.16071367,27
40987,57.485027,11.344905,3.9675593,1.7115707,28
132983,-10.143471,30.48933,-1.8782471,-0.017329931,24
132014,-26.29037,-43.04182,-0.7740142,-1.8809912,38
165400,-3.8707585,9.593819,-1.2096575,0.99644387,7
17832,-23.240772,18.32179,-0.74886465,1.1546048,16
16986,-41.4214,31.506395,-3.927575,2.8885949,27
15059,57.80116,12.742149,5.6737146,1.4548086,28
156665,-31.538033,24.505867,-1.3170441,3.2845669,16
50981,-51.727642,11.759445,-4.207672,2.209351,16
147981,-10.669414,-18.107384,-1.9758484,-3.3065007,10
84755,23.344378,-20.963453,2.0829701,-2.9278455,36
121768,44.325825,27.512777,5.389108,2.7983322,28
9193,4.1553073,15.547639,-0.31916416,-1.6518207,20
57261,25.075972,-13.938432,0.3916874,-1.6396177,39
123700,8.973701,-40.734955,-0.6617257,-2.7884037,37
74793,25.03168,-41.103745,1.4679269,-4.877386,2
151795,37.853134,25.655088,4.1679373,3.0986087,28
37050,-29.851618,12.12553,-2.4804797,1.8759878,16
63329,16.323288,-33.411526,-0.1800729,-2.568738,22
117873,32.874737,2.5945396,2.7350268,-0.9323084,39
141603,-15.836887,15.82224,-1.1506512,0.02281177,4
168396,12.613351,16.317303,0.9135281,0.0067365766,4
131559,36.00228,-22.902576,1.475968,-0.7020727,28
62435,-18.580894,18.954218,-0.8331851,0.8376612,16
72257,-32.736973,16.94171,-3.218638,1.5439126,16
119106,13.854715,13.878508,0.56521034,0.6517341,4
28808,-21.39001,5.331817,-1.9721696,1.3577745,24
75378,-32.154415,13.293777,-2.1593914,1.9780803,16
17222,-11.600263,31.043129,-1.7431147,0.12950712,24
141149,-32.90157,17.355497,-3.6995392,2.1539907,16
166804,45.46188,-11.674243,0.16485739,-2.8386836,10
78939,-43.334545,36.639828,-2.9586325,2.0438933,16
16096,-44.595993,23.627907,-3.206065,2.542165,16
134059,-13.965494,30.662573,-1.6476089,0.85518,27
119470,31.507404,17.042353,2.3133636,1.4620035,19
3027,-2.7162073,29.887714,0.3964975,1.2063718,19
125214,-25.977766,-36.63293,-1.6943462,-0.9717892,38
9467,11.187876,-11.669069,0.84592855,-0.61749953,24
135557,44.519165,26.9905,5.089761,3.5447607,28
7323,-13.794515,-40.06348,-0.1117239,-1.7502091,3
30962,-23.78798,38.306114,-3.9309578,2.0869923,27
104786,-40.768322,-9.083298,-0.23653495,2.3767712,25
48763,-6.5047665,7.7307673,-0.536289,-0.20219994,13
146230,36.008095,-27.355986,0.73086584,-2.639994,2
107636,-1.4492607,-8.77085,1.0562359,-2.1910949,34
71010,-19.258944,10.290202,-2.0208497,1.3262289,16
39597,13.99572,-37.758533,-0.9765062,-3.3875744,22
120680,51.895958,22.088419,6.8135853,2.1179798,28
51490,3.2886453,-23.85724,-0.378039,-0.50802773,38
107013,-23.081167,5.981125,-2.2506804,1.683033,16
42802,1.7871859,-25.789854,0.44584358,-0.5232002,9
68777,-28.68636,13.693264,-2.6750374,1.9122243,16
108394,-7.772617,7.8846173,-0.84954023,0.07332003,13
90392,31.571844,20.704412,2.8510504,2.1775312,28
147692,29.052027,31.455315,2.040739,3.0711641,8
76602,-41.226536,-24.977724,-2.158002,-1.302412,30
132652,57.88698,6.99901,2.4069657,0.8604455,28
103147,-3.5854666,-3.5203474,0.19049811,-0.12999034,24
38772,41.693245,-26.51546,4.699314,-3.9181554,39
54196,-19.13591,7.0880723,-1.6480995,1.4616476,24
272,-45.91636,19.092806,-3.4321122,2.4788136,16
110185,-52.568092,25.544134,-4.2101912,3.1206675,16
147879,33.70982,-26.23305,2.2123241,-3.2033947,36
155530,-19.84,38.542057,-1.3427694,0.7129319,27
104982,-32.033154,31.304487,-2.0578842,1.6021317,16
161546,-2.627945,15.114956,0.18586743,1.0634029,7
36477,-11.801503,28.081898,-1.6594335,0.046490252,22
23710,-31.578924,33.76647,-1.5848156,1.8451421,27
112874,-7.430174,-38.04203,0.11183536,-1.167316,26
117403,-37.88628,-25.691875,-1.4079059,-1.4590275,30
84222,-46.472313,19.922876,-3.039104,2.2093554,16
73840,35.958244,-16.611261,1.2387055,-0.9418811,0
349,34.94449,18.76179,4.5744524,2.8328683,8
83865,-29.203527,-30.984917,-1.7711378,-1.0356872,31
66891,-33.39887,18.511576,-3.2619114,2.4115126,16
82496,-34.748325,11.013068,-2.6189256,1.8134964,16
17494,39.775608,26.960527,4.9412384,3.3410745,28
23893,-17.283094,-22.906713,-1.6076043,-2.6693954,10
44370,18.913889,2.2209191,0.47595227,-1.1689198,4
145691,36.995144,6.215514,2.8351502,-0.45872885,8
151893,29.794107,14.305479,2.5326352,0.48318255,8
106599,-52.64177,13.687835,-4.47874,2.0284064,16
16718,10.46182,-25.897411,0.55193186,-2.3281727,23
151985,37.460194,-19.926378,1.7153054,-1.420392,34
32330,-17.473087,-8.729334,-0.6011353,1.3497407,10
138564,29.796574,-17.159225,1.6688133,-3.3060312,34
71368,22.530766,13.085786,0.83901465,1.3692077,21
145119,-3.9753017,-42.690086,2.5050302,-5.581842,34
81286,-7.787304,-40.275204,1.4958216,-0.9564169,26
16917,10.571603,-29.419674,-1.938966,-1.854588,23
120460,14.07048,-39.93995,-0.17200673,-2.4507458,2
125362,-52.23635,30.205551,-5.254556,4.4869504,16
126037,3.0782614,9.8363905,0.5809195,0.060382426,24
87625,-29.647049,25.843931,-2.5018926,3.5403826,16
157761,-2.2734597,-10.100982,-1.5787894,-0.8765505,24
155333,33.44823,27.428078,4.1613617,3.3092113,8
109026,-27.777924,-17.622242,0.38289154,-0.29940844,13
45905,45.805763,31.646587,8.45038,4.5771947,28
167814,-32.009132,19.804716,-2.578823,2.2279058,16
35250,-26.779818,-8.134307,-0.88007355,1.6362746,13
37759,-32.026768,-19.747633,-2.3922987,0.009337246,30
154122,-6.888367,8.822561,-1.930186,0.6767446,13
26492,15.083272,-42.069187,-0.020103693,-3.828872,10
58691,8.64651,-18.492884,-1.0112603,-1.4319654,11
145542,1.5783441,39.547176,-1.2991605,1.0174025,24
126535,22.933195,18.414026,0.22580993,3.2525868,8
108512,28.0455,-21.171068,0.73972285,-3.025025,34
34137,-18.884844,-6.5513997,-1.100823,-0.23023391,10
123345,24.303532,-15.197488,0.4517163,-0.52247566,28
42826,17.759052,3.1524649,-0.26039875,-0.040709496,4
32200,9.07586,-23.90204,-0.45031154,-0.9355065,23
33628,-31.586481,-0.39998344,-2.1632264,2.3167312,16
85633,-15.096527,34.089695,-2.2852943,0.9351895,24
43078,-2.6414359,29.857462,1.314243,1.7810528,19
28648,-51.641644,11.76949,-4.0026946,1.7424071,16
66350,-11.709646,42.087692,1.4791373,0.3500618,19
116417,-32.33746,20.754066,-2.3842793,2.3487334,16
13618,44.586914,0.98584723,3.4870749,-2.6116133,28
111931,-26.054169,-1.0675968,-1.5106816,0.2512355,24
12734,41.816067,-22.645216,1.2375017,-2.9570937,39
69238,15.816674,-42.039,-0.35929728,-4.745498,10
270,-16.967546,7.9145503,-1.7127643,1.0695726,13
148161,30.641365,-35.263813,0.8896619,-3.4918654,33
93974,33.344585,-38.477856,3.5569105,-4.228896,33
128546,22.424252,7.003963,1.3275472,-0.77509516,8
142901,1.5686325,37.94961,-1.0719813,0.8298094,16
72486,50.52541,-21.267448,3.7342625,-5.488439,34
34109,-9.598021,-17.329311,-0.73488414,-2.179187,10
154647,3.240396,38.86877,-0.94877684,0.63142145,24
8473,-10.0865755,20.775192,-1.4667757,1.2442799,27
159703,10.148892,-2.1767247,-0.8759459,-0.28905666,5
156073,-33.902027,-30.010017,-2.8512614,-1.2257605,30
2992,-36.80115,4.811319,-1.8432845,1.3089192,16
160365,-41.18404,-31.038774,-3.0382657,-0.75003725,30
124340,-25.162273,-43.448273,-0.73076755,-1.9862704,38
33979,9.552874,-8.5202,0.8439373,0.2008842,4
151823,-40.559174,28.236645,-2.518608,2.1658103,16
6059,24.590048,-26.953825,4.188832,-4.0259743,36
28413,-6.8496485,-3.2109833,-1.3789434,0.0814088,24
142141,-1.900074,-23.794655,-1.0529974,-1.2422678,37
104311,16.52581,-4.191319,0.18034446,-0.07229447,4
81316,-5.574227,-12.161607,-1.5130641,-0.08139753,24
116647,24.163942,-20.416468,2.437111,-2.3209586,36
66173,-17.441711,37.51354,-2.1135683,1.4739778,27
42542,18.306768,-42.931374,0.6680385,-4.5529046,2
39894,4.8422856,-46.3981,0.64782655,-2.1643586,31
126989,15.57758,-23.285452,1.6504802,-3.9272082,10
47517,-51.62092,22.018732,-2.9962955,4.1591253,16
130862,21.115034,-32.36286,0.8788961,-2.9422681,5
143524,39.929573,-24.30073,2.7852683,-3.9372976,9
21350,31.183666,3.7292554,3.1008625,0.09213811,19
64917,17.031855,-6.0104504,0.16828597,-2.6987226,4
45045,-2.9418845,-16.083988,-1.192116,-0.1995039,10
31230,-45.873856,15.097027,-2.1663418,1.5727298,16
158437,45.023056,15.259472,6.0349355,1.189534,28
163987,-5.567591,-21.395344,-1.9666758,-1.1465304,6
16981,-23.05799,7.1548796,-2.1026897,1.3139501,24
57946,48.154373,21.95723,4.550225,1.6884351,28
30922,-21.147076,7.644511,-1.6957247,1.4522583,16
165699,24.865736,13.678841,0.8138946,2.096471,13
167086,-30.66791,12.358637,-2.4880214,1.7362988,16
2987,-10.461531,5.602487,-0.18252718,-0.20869833,5
12732,-38.892773,21.618998,-1.8886347,1.5697583,16
62332,-29.175646,16.906313,-2.8054523,2.0929353,16
73266,-1.037438,0.086539716,-0.109705925,-0.095591724,24
101705,-26.299074,-1.009701,-1.7338103,0.3289894,24
32301,-27.017523,11.059593,-1.8855503,2.258487,16
84602,10.503774,-25.805984,-0.56841516,-3.113289,10
168145,1.7230928,9.088991,1.5247341,0.17731088,24
22843,23.972048,-37.580612,0.23517501,-2.840874,2
51615,-20.241161,37.2195,-1.6274781,0.86142313,27
96378,-20.940641,31.232862,-3.392757,1.830049,27
5556,-7.8771114,3.783847,-1.7672081,0.64433473,24
163901,37.208057,-12.381859,-0.5927773,-0.8086867,24
92069,-15.2679205,1.0004656,-1.3992075,1.4902222,24
89078,-10.999369,35.761215,-1.6025348,0.013716817,24
125493,-51.62162,11.759305,-3.9773583,2.0584025,16
106018,-56.48124,23.248392,-4.8322167,4.756028,16
126741,-4.9423447,12.611882,-1.8848596,-0.450517,22
81953,-26.78995,3.3256757,-2.0563917,1.2095637,16
106175,-36.092957,-24.252789,-2.090682,-0.84224683,30
68141,39.6859,24.306107,3.1343517,3.0105379,28
107766,29.595354,2.0281062,1.2685951,-1.8795743,34
17493,-52.53205,23.294289,-4.3772902,3.041316,16
154493,27.791058,-6.4830775,1.1473054,-2.2572508,5
41854,-21.359211,3.789539,-1.6667268,1.1557509,16
152310,7.4407816,-26.742924,-1.3735577,-2.5076928,23
144395,35.72963,10.778536,2.7857866,1.1795832,28
34751,-25.36955,8.4063015,-2.048775,1.6156791,16
138719,-34.834007,31.976513,-2.4013426,2.2902021,27
56594,38.59822,-15.899816,2.599568,-1.8816369,34
149205,47.07871,-22.535751,2.4941502,-4.291364,34
89324,21.398426,-30.46858,1.9000422,-4.1383886,2
94121,43.854702,21.355818,5.0680747,2.5309596,28
30035,20.466257,11.633223,0.8895229,1.7418852,8
29766,51.327843,13.047364,3.9567456,0.44852835,28
74808,-39.520454,-34.367504,-2.9821627,-1.8931327,10
30275,20.511442,-19.404661,0.38148582,-1.5748203,24
93798,-0.7250073,39.111187,-1.8384356,-0.075209916,30
99359,-1.7015883,-40.914665,-0.22582376,-3.7253206,39
77110,-44.72985,29.37726,-3.2866464,2.4320724,16
105842,20.79141,-5.077546,1.2751967,-1.5215752,5
29040,-35.486343,25.495268,-0.80105704,1.3915687,16
107805,-38.18198,26.422218,-1.5488156,0.93108916,16
16529,0.095432535,-11.508039,0.74249804,-0.9471496,24
141284,-47.01054,17.702896,-3.6497674,2.0276577,16
68050,-41.93819,-34.13905,-3.2839084,-2.05269,30
132474,-0.48554635,14.868021,0.44549847,-0.11329168,0
117445,28.080338,7.7965574,2.2590175,0.71543854,8
65145,16.16068,-15.470777,2.4218488,-3.3737905,4
64294,-17.990679,32.591537,-2.4208868,2.5418563,19
163204,-34.23491,19.105907,-3.3104815,2.7130497,16
67704,21.186005,-24.553259,3.438075,-3.703097,36
89879,-2.556244,-20.252151,-1.2332878,-0.072478294,17
15516,33.28834,30.144308,4.1919184,3.995911,28
75215,33.07706,23.84283,5.062822,2.776056,28
19286,-41.982452,21.566717,-2.9612017,2.4976482,16
33011,-19.7486,8.041337,-1.6517413,1.2889661,16
52922,1.5199564,40.19926,-1.1285316,1.0392087,24
27168,-14.70918,-15.450052,-1.7683644,-0.44438773,16
161878,24.649359,-29.298334,1.4478277,-1.1192117,29
15753,-32.808475,21.092539,-2.5155256,2.3371198,16
86272,-7.0640087,2.8630476,-1.3973699,0.36921388,24
27516,6.2083306,-23.488554,-1.9628322,-1.2126014,23
77877,46.58033,-10.770802,1.4458026,-2.1402135,34
31468,41.855724,-24.65006,2.7744274,-3.6725767,9
134234,36.735886,-21.467384,1.2264026,-3.1167154,36
108087,2.0560436,4.075565,1.2559346,-0.09038395,0
110244,-24.731678,-29.16236,-2.164399,-1.0390339,30
16086,45.629406,29.55724,7.907382,3.7391682,28
160659,-15.959644,37.5539,-1.9842219,0.88728094,27
165582,-35.87339,11.476808,-2.423809,1.6708219,16
59721,-31.424421,-29.258087,-2.606795,-1.0918322,10
132190,-13.034737,-0.2373294,-0.87893474,0.7272431,24
127163,9.27003,-11.323768,-0.47370327,-1.1706078,24
152607,1.6837587,-34.79278,2.546214,-1.4745288,26
109346,-50.401653,26.277445,-4.227319,1.9560184,16
94905,-0.4849595,-0.38225973,-0.04994273,1.1641213,24
150223,-17.323057,1.2886088,-1.9623883,1.1667235,24
119945,34.13179,-22.676277,2.1592221,-2.2559423,27
32404,-10.994423,27.38345,-1.4908705,0.12452644,5
126277,-32.26845,30.96757,-2.2148757,1.9246716,16
140845,-39.538174,16.201344,-2.6026826,1.2305175,16
4221,15.199269,1.4522302,-0.0568496,-0.32279307,4
133914,36.824055,-8.983324,2.541748,-2.4179542,34
7707,2.613212,-1.5768173,0.5788908,-1.359468,34
62660,22.3276,-37.73523,0.71197474,-2.4962919,22
117146,5.6184716,-42.703987,-1.2476537,-2.9585505,37
114521,37.00118,-15.068961,1.9855477,-0.3917858,34
43644,39.90999,-22.755796,2.5211554,-2.426432,9
80333,2.17988,-7.3455443,0.4181341,-1.4921567,24
158558,7.170453,3.7931383,1.3650571,-0.9243075,5
25462,23.115143,27.772215,3.4024358,0.72175795,28
98553,-19.140104,29.075653,-2.4132102,1.4899039,17
109292,24.656054,6.5414305,1.4126037,0.88314974,8
30732,-2.2326205,13.686809,-0.32842314,0.43253428,7
113939,15.268445,2.2112772,-0.2969098,1.2633916,4
79216,-10.277098,-18.491776,0.115388155,-4.689428,10
25375,-39.679344,7.660212,-3.4644547,1.7644379,16
108711,46.62894,10.977587,5.7039785,1.6515094,28
66826,-22.70613,3.4324229,-2.2225413,1.3225653,16
120869,-39.875908,-29.295969,-2.7924504,-1.4374559,30
83000,37.386227,-23.533476,1.2794036,-1.6753571,14
80950,11.105024,-34.69996,-1.7952927,-2.6044362,22
158842,46.979336,19.905794,3.8534803,2.0115874,28
148234,-48.641514,24.730394,-3.6488924,2.9012191,16
126921,-44.429523,-4.114729,-2.278395,1.1679302,31
54067,-24.961096,-43.75552,-0.34474063,-1.924012,38
121537,32.559258,-32.32668,1.8080624,-2.4394023,9
12950,-36.38961,-26.097694,-1.9041309,-1.544666,30
160974,37.41346,-34.63395,3.2588239,-2.0333884,39
140578,24.191193,0.22263266,1.7662715,-0.48661035,23
148361,-26.58017,-29.262957,-1.8064595,-1.1202681,30
20441,46.46747,10.9407215,3.3975306,1.4190985,28
32184,21.327,-19.71797,1.0923897,-2.091439,36
71204,38.778824,-9.891909,1.168315,-1.566333,9
16254,-24.0293,20.096878,-1.8217124,0.5485474,16
61447,-52.13147,22.62997,-3.9302964,3.705669,16
79089,57.12648,9.806849,5.9322605,1.1229547,28
59779,8.2368765,2.5439456,0.3988669,-0.43575567,5
117123,-31.447264,21.672886,-2.0820749,2.7574368,16
37635,24.64899,12.102168,0.96976507,1.2044448,8
86548,-31.664045,-0.39451194,-2.7236834,2.1975212,16
97140,24.464647,-7.2810407,2.8187351,-2.026487,5
10222,-17.077095,31.612688,-2.468996,1.3847537,27
103673,-32.324383,-22.891155,-1.9026563,-0.6475417,30
99717,-10.710422,-32.076496,-2.2804277,-2.19429,3
122093,-38.44843,27.131674,-1.694233,1.6978555,16
136191,-5.935357,1.7184697,-0.0117253065,-0.21866006,24
116483,-17.293245,-27.070343,-1.0034722,-0.526593,31
2504,-17.096172,-28.094585,-1.7233622,-0.79782385,31
8236,25.744116,10.288543,1.0386828,0.06901616,8
87164,-21.378956,-28.957655,-1.685745,-0.1131081,10
18771,42.943436,26.789337,4.827428,3.1562152,28
98830,-23.0824,34.372433,-2.8548265,1.4259057,27
81787,-28.140463,-0.28291565,-1.6583698,0.6338899,24
111878,-33.82422,14.061597,-2.2961578,1.9903545,16
5743,-17.931269,-27.860779,-1.5987186,-0.32670444,31
123579,-38.09627,13.55651,-2.1927545,1.6208653,16
102122,-30.83623,-17.817724,-1.3065747,-2.2836323,22
139269,-12.600893,-27.975779,-2.0916243,-3.844241,24
83783,-17.658573,37.17326,-1.657638,1.6775823,27
87131,-45.387787,4.3746524,-2.5312634,0.49453756,16
41438,-50.99929,21.600737,-2.5660486,3.6472976,16
103133,6.894987,-43.694885,-0.23678994,-4.6491785,37
154868,31.358442,14.8454075,2.8702846,1.3890884,8
92789,29.783989,12.962452,2.8280306,1.0313295,8
25700,-40.0087,-22.072794,-2.992722,-0.33419675,30
15737,-45.41363,4.9344034,-2.8786583,1.0828053,30
573,-25.501648,-28.590372,-1.7982417,-0.98804146,30
138325,-22.672543,-3.88826,-2.8582952,0.8206193,24
140784,31.832056,22.260235,3.9831772,2.5995915,28
116670,15.290347,34.30203,1.8855404,1.6877128,28
61366,-27.094688,0.9269452,-2.0686574,1.2942543,16
17209,-37.313725,32.84658,-2.969038,2.2992237,27
19160,-45.626476,8.008465,-2.9814582,1.4086108,16
167508,39.088646,28.509413,3.3685308,3.3739855,28
1416,17.120655,-30.215014,0.02693832,-1.8578091,10
3198,-30.066679,14.912656,-3.7897377,2.9224072,16
80025,-16.2732,28.06483,-2.5964432,1.0677279,16
135193,5.8009825,4.3708186,1.224305,-3.4944866,5
31266,33.629395,-26.052843,2.036315,-2.4429958,34
23486,25.197594,15.418047,1.3511354,1.2178494,11
58665,48.549343,7.379673,2.329153,-0.1747806,34
143804,17.045973,29.132442,1.0757629,1.7351615,28
162425,47.34638,18.388401,3.54174,1.6461034,28
27520,43.00621,2.1426597,1.779344,-0.3718354,28
160094,-13.585919,-7.2622395,-1.8243387,-0.5142589,37
156340,5.7985005,-11.141511,-0.27810872,-1.9957716,6
134230,-40.947826,25.300673,-2.2491336,2.1825552,16
160668,-49.03936,7.846404,-1.9252331,0.95334333,26
70324,-20.888014,-36.196777,-1.6468747,-1.7421296,30
167340,-3.6171927,-22.930296,-1.9187799,-0.22181177,10
150849,-20.19758,31.189754,-2.824094,1.6911983,16
11098,30.301447,-12.893406,1.1720711,-3.6239774,34
5827,-33.857544,35.379486,-1.2681488,3.260008,16
6483,-23.255121,-29.681782,-2.1090837,-1.2863464,24
106149,25.246374,-32.49593,0.84877455,-3.3679273,2
120746,-39.51311,-34.896313,-3.526626,-1.2392228,30
44471,-25.128773,-3.040441,-2.2013695,0.38133228,24
15761,-14.049138,3.6692035,-1.4222709,1.2600758,16
73464,-22.920336,-7.0076222,-1.9969813,1.3616238,24
99139,-3.073641,35.917713,-1.0235922,0.24212101,24
110512,-18.916338,11.370218,-2.112001,0.34136453,24
8838,-30.027105,7.434556,-2.9936373,1.8274703,16
46603,40.793278,35.0428,11.262718,7.5477157,28
149228,44.869816,-25.350042,2.7172685,-5.053803,39
67747,-30.379263,23.10833,-2.017508,3.2007465,16
40557,-32.346943,-27.59237,-2.7146664,-0.74899465,30
107147,24.80133,-21.096392,3.0479221,-2.566762,36
84483,-39.31531,-25.982233,-2.6526093,-1.5505912,30
147061,-2.0804377,-48.769825,-0.015469432,-3.4356468,26
110071,10.580495,29.72334,-0.94561017,1.9537754,24
116876,-40.365875,20.985613,-1.9134097,2.5126872,16
56568,-36.582073,-31.815788,-3.0271802,-1.7887375,30
9690,44.90928,21.01949,4.744112,2.4365036,28
63403,-0.8875053,-34.241894,0.7840816,-1.8412921,36
166871,-5.942572,13.94994,-0.072205424,0.7505721,7
140232,-5.888548,31.098333,-0.21785593,-0.6162793,24
38325,-25.096819,8.134837,-1.9269748,1.4665647,16
109901,15.523759,-28.563614,-0.009402275,-2.2666652,37
31239,-42.75048,4.7757163,-2.986218,0.8085735,16
132696,-27.488728,-40.87381,-0.15188932,-0.7552983,38
40279,-16.965166,43.659454,-1.6719148,1.0312018,27
105602,-6.0527077,-21.552168,-1.9274399,-0.9520628,6
79879,-31.100153,-20.369211,-2.0177135,-0.42056566,30
96198,31.335207,-33.935272,2.3462229,-1.3016901,33
134787,-44.295887,-6.8019295,-3.2059476,0.7159383,16
3170,-8.841188,-39.427624,-0.81304896,-1.7165844,26
107353,15.627857,-40.1361,-0.5580588,-3.8005636,10
69597,-24.184307,9.738703,-1.9521644,1.3342936,16
162704,20.243145,-3.910226,0.9550091,-1.5289032,4
138805,-15.837044,-27.67705,-2.8476906,-1.5943096,31
57980,41.09337,-26.950426,2.992353,-4.741353,9
34049,-21.42231,-1.5178455,-2.5517468,0.13701695,24
141276,50.37657,3.9313464,4.873232,0.005636871,28
5851,-4.8410373,13.246741,-0.94611704,0.49746668,19
150306,-31.202799,31.267862,-2.1041632,1.5508212,27
165576,25.542868,-26.530005,1.5265085,-2.7457309,36
147406,19.324366,31.037807,2.311226,2.0347009,28
72114,15.761924,-33.301376,-0.45112133,-1.6244197,23
119248,40.81448,30.117744,5.74596,4.2528315,28
59146,-48.423088,10.478984,-2.5898242,0.29983416,16
15393,5.2090197,-24.984776,-1.3284066,-0.98381907,23
130639,16.495016,-35.774513,0.41190684,-2.4955204,22
93463,-29.935436,-25.282927,-2.3550787,-0.76808256,30
38606,-25.786995,-39.787952,-1.5176437,-1.4770036,38
111385,-35.40054,-34.324806,-2.3771932,-1.4023635,30
101149,-35.238384,10.954482,-2.7944653,2.0327613,16
96312,20.451889,11.656942,0.77742565,1.8652356,3
150845,-20.836748,26.39153,-2.4372492,2.001607,24
92777,-0.45436472,-31.662643,0.514024,-0.55157083,4
29486,-36.229073,-33.71265,-2.7228713,-1.1004903,30
142256,-29.655914,-8.424998,-0.15513277,0.752025,13
12327,4.9735227,-43.636696,-1.0385125,-4.350974,37
43653,11.749069,-1.0532385,-0.7379692,0.23845416,24
128419,2.1395578,-8.646716,-1.2281153,-1.3205218,24
148207,-19.659824,-23.513052,-1.6448951,-2.1367729,10
62646,-1.8109138,-34.168453,1.2676271,-1.4367714,36
141995,-18.139326,-16.29177,-2.559973,-0.08342087,23
2379,39.19969,14.595563,4.087418,0.2966277,29
57496,-26.20342,-5.9359403,-1.9158692,0.20105538,24
100891,30.863464,21.38299,3.73738,2.1019146,8
93423,14.037169,1.9908254,-1.3146673,0.7736472,4
141275,24.696993,-39.038715,0.81777656,-3.2391129,22
73772,-17.541498,-31.06327,-1.1279188,-1.9781392,26
64963,-14.265042,31.318913,-2.0051494,0.9342279,24
128380,53.57244,14.774283,2.8395853,1.3792553,28
64581,29.549864,-17.597702,2.1619134,-3.4875562,34
77742,-25.143656,-42.66253,-0.76082706,-1.2973695,31
27019,43.212425,9.9489565,1.2394148,0.7712699,26
24851,-38.191544,15.136454,-1.9113357,1.60637,16
57059,16.994514,-6.046856,0.58958817,-2.4136975,4
166752,-28.87815,20.420795,-2.4204483,2.3412278,16
99414,-39.025303,-28.857529,-1.6771147,-1.4787285,24
84278,35.023083,-22.539555,1.8116139,-1.5178435,34
75245,-25.06008,-38.27633,-1.0298784,-0.44743663,31
34848,-43.21481,35.451176,-3.0043764,2.124071,16
88931,43.522007,17.25894,10.916729,3.0433104,28
106116,32.19925,0.60322595,3.5608826,-1.4070427,39
131502,-27.288631,1.9020207,-1.6025512,1.9452453,16
32415,-36.23614,15.488709,-2.3521755,1.9409745,16
65429,1.1923735,-13.952649,-0.49400347,0.11232978,27
112783,9.915939,27.476862,-0.71559316,0.5647886,24
25255,36.871605,31.371754,4.374004,4.998902,28
38058,18.061928,-20.331581,1.389098,-2.0060315,36
107870,45.997932,-6.908817,0.92329586,-0.9380087,9
54141,3.212815,-18.616707,-0.72255445,0.075470924,6
16314,-42.71645,-8.41745,-1.7999011,1.5115565,25
98788,23.275707,-3.6212056,1.3106214,-1.4347332,4
23293,-30.010616,-25.293829,-2.263651,-0.86376923,30
161722,-40.189014,22.613968,-2.1166668,1.3210007,16
31282,39.368073,30.801392,4.6930456,4.2957835,28
129186,5.1699815,-22.99488,-1.6820892,-0.3480708,23
73623,-36.908966,-29.211695,-2.7423253,-1.39393,30
153898,23.270674,3.7916653,0.9605671,-0.3448333,8
54513,-24.680294,-24.194744,-0.5099196,-0.88370246,28
101568,22.460491,1.38221,2.3969564,-0.82391983,8
154046,25.525251,13.32607,1.2916902,1.3226225,8
166243,33.426586,-35.811832,2.037775,-3.7539427,9
133812,33.07362,29.83944,3.54465,3.5589786,28
104789,-47.672417,-8.216958,-1.3591001,-0.13994026,10
127643,-29.27877,10.740972,-2.841945,2.2069252,16
36436,-41.84203,15.260618,-2.1543798,1.1108832,16
131854,49.987137,-13.12891,-0.116060376,-0.5126142,20
129458,-38.316055,-23.421757,-2.741763,-0.5630432,30
135671,-21.4572,6.2711334,-1.7504609,1.2671219,24
68545,28.317469,24.691586,3.9184742,2.3027296,28
165942,18.409357,15.6386795,-0.0025066137,0.88413125,8
53767,-17.144745,41.870975,-0.87222636,0.14376956,27
74479,15.351232,-23.647444,0.24014795,-3.3033729,36
150400,30.29744,-12.87312,1.5363842,-2.7605517,34
21614,24.412964,5.147317,0.75695646,-0.52868587,8
115553,-20.920055,5.4096847,-1.6647995,1.2608098,24
155318,-26.322588,-2.5204203,-2.0983312,0.6456961,16
79115,-31.23162,8.813286,-3.0010805,1.8220551,16
111397,18.611238,27.92179,0.038266182,2.0690985,28
51296,-36.826767,-27.769325,-2.6035745,-0.87044376,30
97882,-40.03638,15.526957,-2.4551668,1.30243,16
13926,47.802258,28.919085,8.078884,4.4262123,28
13711,-13.549985,5.930625,-1.1647722,0.8759771,24
162775,-6.487033,-15.729803,-0.69786495,-0.27109522,10
118291,-30.835516,13.359316,-2.7741508,2.0842237,16
17182,-13.603542,-10.520549,-0.4012807,0.44762462,24
43326,-11.096342,20.676645,-1.3843096,1.563257,24
151566,32.226368,10.249122,2.47506,1.4214005,18
108830,16.207586,24.885504,0.3792764,0.6637038,27
93239,31.800844,-35.72004,2.912284,-3.4663994,33
41193,17.090157,-10.212968,-1.383814,-2.954446,37
34102,18.247774,33.544983,3.3210135,3.038182,28
65737,-19.00529,9.307071,-1.7668769,1.6112309,16
58815,-9.154396,2.0561693,-1.3593725,0.8357827,24
1768,-35.440624,-31.800138,-2.4660192,-1.3289311,30
71683,51.151955,-13.68138,0.78794515,-2.3446307,20
125954,27.318892,5.3314276,3.4276242,0.16253817,8
69628,-22.95099,2.9128869,-2.242096,0.92457086,30
145831,42.965214,28.61265,5.027829,3.337115,28
33185,55.499336,16.249712,3.8954563,2.2287908,28
109408,32.680107,-12.65288,0.9996623,-3.6138623,34
44607,-47.458347,16.54106,-3.5084271,1.699096,16
64661,-38.467323,27.939634,-2.1124215,2.1247714,16
160442,34.121117,24.706758,4.3157744,3.2309425,28
17911,-39.3549,13.358326,-1.862755,1.2180862,16
50268,27.51268,-6.1096487,1.6984247,-2.8341827,5
103239,-31.903728,29.953297,-2.105694,1.9269929,16
134688,-6.205484,-22.088966,-1.4409013,-1.1304128,37
127255,-44.8668,8.45717,-2.442562,1.2555473,16
113277,-56.952778,24.368174,-10.207452,7.4307117,16
4230,18.634853,33.125866,2.8508472,2.6454484,28
119513,29.961409,34.210876,4.0118794,3.5257583,28
62427,-10.383232,-42.926952,-1.4327275,-1.4315999,26
76728,41.866734,-20.866886,2.097414,-2.2841232,34
126931,-23.649836,-27.968567,-1.9236325,-0.879914,31
26103,32.246815,-36.19452,1.9612933,-4.4315906,33
8437,-18.290312,30.160194,-2.3488646,1.2934655,27
59260,-52.671825,20.16371,-3.7625337,2.037804,16
74242,25.213451,-30.516212,0.4841615,-1.5857632,2
138911,28.130117,-16.001978,-0.075215936,-1.402164,34
149590,-38.134216,10.190314,-2.6323037,2.07444,16
59359,-35.125034,-25.813059,-2.4164968,-0.86139005,10
65934,29.731508,6.874843,2.3516302,0.2970827,5
19741,-47.098976,23.993958,-3.236195,2.663442,16
138977,-52.336655,17.687126,-3.1751118,2.194894,24
47397,-46.75175,19.943737,-3.2507324,2.3442745,16
132247,-10.332501,32.973953,-1.4355497,-0.36184055,24
18649,34.54823,-33.871094,1.9804193,-2.0483572,9
24719,26.802473,4.546043,2.3645115,-1.5127304,8
130517,37.061077,-25.543959,1.44776,-3.7752564,9
60894,-34.89626,18.560999,-3.3853574,2.2436602,16
13676,-12.224525,-28.498556,-1.1893948,-4.4983463,37
38180,7.3712564,2.9061642,0.6918713,-0.5577803,32
11062,-16.918814,-28.288363,-2.1652763,-0.98533803,31
63030,38.603573,22.54837,2.5577207,2.3611922,28
16152,42.801785,18.088654,8.398566,2.324522,28
97298,-40.669426,31.886099,-3.397612,2.6327403,16
133763,48.897697,-0.285114,4.0859895,-1.9560263,9
35499,31.97109,4.3957214,4.273588,-1.8516004,36
80240,-51.704098,25.835407,-3.1836905,2.6856592,16
35606,-29.798264,19.021244,-3.9831667,2.927936,16
78024,-40.99991,33.721886,-3.0107923,1.9954376,16
68526,38.92958,-8.411622,1.904915,-1.3763044,34
99681,-25.63536,17.34291,-3.4649448,0.8665668,16
76601,26.029812,-39.68173,2.1989565,-4.4209485,2
7947,35.356358,-19.973448,2.2413836,-1.69976,9
57579,-37.39648,10.357195,-2.2232158,2.3095174,16
101883,-5.1157618,-9.501624,0.32154226,-0.90543777,24
124607,8.01503,-41.01353,-0.49206668,-2.1433878,24
141563,33.616543,-11.864535,0.40701985,-2.802932,34
51957,-35.870056,22.44783,-1.4436958,3.0611818,1
18820,39.964024,32.535973,6.682187,4.8672376,28
41125,9.807263,-29.779097,-1.4704093,-2.329792,23
135401,29.05293,25.52356,4.481856,3.32741,28
135685,-43.920563,34.91137,-3.9523635,2.9307446,16
4622,-12.413986,29.395676,-1.8055367,0.5418323,24
78158,-16.583815,39.442764,-1.2895174,0.9501145,27
67074,38.29169,-11.790405,1.64934,-2.7161016,34
7321,2.4124255,-17.162006,-1.4197389,0.07803726,10
85124,40.35343,-8.021669,1.8553096,-2.8745294,34
77726,-15.59101,6.484861,-1.6228244,0.17268258,24
106774,-28.337042,29.4127,-0.53738695,-0.8469624,16
41996,33.458855,-38.62623,4.111692,-4.1421514,33
9284,37.47852,17.345243,3.6935186,2.00994,8
135252,11.644064,8.305534,1.1657902,0.49696296,15
124741,-18.655872,46.10966,-0.6228952,-1.4565678,27
63583,20.561432,7.0211434,0.8538765,0.52589554,8
94353,-26.170265,23.560392,-1.2845688,2.5303063,16
147216,-0.8632898,-33.071526,0.99364626,-0.85463125,26
95585,50.28117,16.821028,3.9082546,1.488669,28
159251,30.726263,-26.204037,2.159522,-2.1358159,5
35307,51.503933,-16.81826,3.3488865,-2.1459727,20
120588,-43.910183,-33.418304,-4.332907,-3.7980893,30
66837,-41.313747,-23.670677,-2.4337595,-0.66455656,30
141360,42.669308,-20.305593,2.851295,-2.5423484,34
164369,-22.192795,7.4309616,-2.298932,1.5229783,16
98494,18.867422,-22.735964,1.3942906,-1.5039334,36
98031,32.899574,-36.11085,2.7873812,-4.342989,33
38065,-25.753775,-39.576637,-1.3255209,-0.91519433,31
6279,-6.5323834,-12.0391655,-1.2370881,-0.43011945,24
58102,-39.704357,25.289547,-2.1723533,1.5418875,16
85604,13.371774,17.189518,1.8926691,1.5085402,4
168223,17.29588,-25.174047,1.3702642,-1.600631,36
130170,-9.10204,-6.8168736,0.031878114,-0.97229356,24
88064,-8.565302,27.767302,-0.8786453,-0.21942097,24
140072,-6.1043572,1.4165137,-0.044429183,-0.07948798,24
109511,-1.2492512,-5.0095205,1.6322325,-0.75878364,24
129027,15.197124,-10.44303,-0.6172153,-1.3222439,34
18271,56.895115,16.154486,6.3883157,3.2792156,28
23188,-38.66445,9.496814,-2.717682,2.400083,16
159228,4.723991,22.453575,0.84455454,-2.6008015,5
153600,50.293064,12.078539,3.1241837,0.894064,28
122559,40.11603,-9.298548,0.25070596,-2.9559214,34
156365,51.185852,23.418974,7.4079475,3.5568073,28
63886,41.370285,16.099268,4.5727825,0.99753106,28
128489,15.708779,-44.64348,0.0028693676,-4.048017,2
106701,-36.37499,33.103176,-1.9543912,2.4359684,27
102105,33.013977,-5.592913,1.2083992,-2.6475363,5
28330,12.073959,-11.5875845,1.2834958,-0.8073028,4
166666,-30.31674,-20.228777,-1.4384749,-0.5503183,30
128354,29.626791,7.829977,1.5193063,0.65951586,5
57493,-5.762912,2.421894,-1.3305398,0.32199943,24
3699,-33.2499,-28.038923,-2.9249063,-1.011656,24
152556,-19.864439,-21.905777,-2.4400268,-2.9059896,24
107244,19.037754,-19.004374,2.021597,-2.4121945,36
121663,-7.1284647,-16.693443,-1.0921607,-1.734359,10
13694,4.6456747,-20.569208,-1.5590142,-0.72552115,23
85740,-34.56125,33.70827,-1.3974053,3.1068897,27
62684,21.217093,1.7918702,0.24410713,-0.4302414,4
55384,35.740646,10.787165,3.708167,1.3042703,28
92189,-12.184004,26.923622,-2.2706442,0.36717388,24
9298,-26.489298,19.301867,-1.4609387,1.3424039,16
41513,-35.82128,13.136903,-2.430867,1.886586,16
30777,-16.925653,34.109962,-2.6092668,1.6208286,27
111995,32.61339,16.72355,3.31644,2.049801,8
134567,4.145943,-43.45352,-0.53274167,-5.991248,37
67665,5.062123,-42.929955,-1.9387065,-3.5325334,37
155824,42.029648,-27.54265,5.021394,-4.015039,34
113509,24.680288,5.1653266,1.9648296,0.23802605,8
121408,7.5819173,-23.542198,-1.0685399,-0.9877891,23
133776,-1.9061197,-39.335854,1.0329841,-2.172819,34
155233,-40.399307,-32.408283,-2.3957553,-1.1676621,30
163347,19.56511,-17.231417,-1.3503039,-0.94970137,36
44978,-34.94035,-29.05557,-2.680666,-1.1503923,30
41539,-21.3731,22.377668,-0.8073884,1.5877259,7
117711,3.7705152,41.58742,-0.8889866,2.3708363,1
156313,-13.887705,40.68375,0.1680131,0.07944548,19
120689,-29.90277,16.954676,-2.724925,2.1598723,16
20281,-45.292572,4.5627084,-2.7441869,0.93841946,30
28066,28.429976,-16.779196,0.98445,-2.7355285,34
4715,13.853365,13.879245,0.31429243,0.88994557,4
14252,-27.072277,12.274942,-2.354775,1.9444644,16
135291,-8.794078,-38.523216,-1.0689869,-0.8241109,26
78401,25.769806,31.454485,2.8011837,2.734094,28
90465,-56.600986,23.908422,-4.132717,7.4808435,16
13821,-32.061314,21.578484,-2.3261466,3.173961,16
78813,52.33692,-16.774168,4.8604784,-1.7302895,20
109879,34.046967,-25.471342,1.5067714,-2.2893224,9
145864,13.533268,-3.110567,0.6738547,-1.2034051,8
84747,-38.899357,-9.412728,0.25195944,0.48009056,10
32854,-12.69631,31.023302,-1.7886564,0.5682798,10
18697,-43.2301,11.784516,-1.7713827,1.1694833,16
142131,33.158154,-14.379781,0.95291126,-1.9918284,34
50017,-2.6397164,18.427702,-0.6558924,1.5516758,16
72856,-43.47169,30.889986,-3.65768,2.8039377,16
169292,-13.968431,31.208147,-1.7146703,1.0480492,27
123600,-17.245583,38.430027,-1.8936589,0.95541036,27
63324,21.992716,-19.281939,0.8107828,-1.926173,10
56205,17.738985,34.8504,3.970611,3.825388,28
157551,7.555122,-28.053013,-0.54434454,-2.1892345,23
132586,47.818817,-21.054653,2.4832225,-4.5381045,9
159155,13.482096,17.303514,2.5032291,1.1372836,4
124337,32.386425,22.74753,4.005897,2.978308,28
81679,39.821083,18.289171,4.453736,2.6918955,28
59985,-34.916656,22.217312,-1.9446963,2.4815495,16
90936,-20.061075,-32.791607,-1.4018354,-0.98117536,26
22605,51.395947,30.258287,4.362238,3.0672328,28
1472,30.18007,-36.37936,1.4130715,-3.265638,33
2591,11.680092,-0.62541443,-0.8667999,-0.06592083,5
28977,-2.379137,36.791317,-1.4135844,0.8427671,27
72654,-42.884964,7.1464176,-2.4225864,1.3798811,16
145061,-20.27571,0.7518031,-2.3895805,1.0538917,24
53456,14.809505,-3.4159474,0.5629655,-0.8299014,8
63458,-37.82633,23.92869,-1.6538882,2.710866,16
13816,-22.969227,36.69947,-2.2620955,-0.5558503,10
120258,-19.81558,-7.461946,-1.0085058,0.14431447,24
106158,-19.666376,-36.1187,-1.9327786,-1.2701302,30
30664,-41.528618,5.6549597,-2.514315,0.2888617,31
102371,29.002748,-7.609292,0.26999366,-0.863401,28
52578,-43.662357,19.02174,-3.0360122,2.4804769,16
165971,1.6386853,-25.934671,-1.6280935,-1.4085929,3
128166,18.452993,15.613197,0.25236642,1.6066357,1
134888,-6.363284,-5.694795,-1.6936626,-0.9490561,24
115166,-40.532127,-9.206146,-0.88501227,1.594111,25
18542,-33.835854,-24.83325,-2.0301623,-0.92749494,30
64062,-13.491998,-37.32613,-0.620647,-0.24837255,3
131672,-1.1789925,0.24819966,-0.024865031,0.043702185,24
156840,-19.833406,-4.591493,-2.1351933,0.93608475,16
111575,4.208842,39.864773,-1.531968,1.1043029,24
3215,34.129246,-28.650705,-0.40005952,-1.8059471,14
106902,50.84496,18.474651,5.1910796,2.7106082,28
27890,11.311416,29.090364,-0.93841815,1.72546,25
15596,28.117355,-21.17742,1.8951718,-3.773321,39
159822,20.951168,-9.318961,1.3213543,-5.297638,37
11133,44.470573,23.709257,4.0625577,3.4563367,28
99149,1.259622,39.2818,-1.3141981,0.9929242,16
53443,-34.504105,-26.543524,-1.7797675,-0.9366221,30
132945,-7.4596524,1.352677,-0.9364318,0.9961693,24
103161,-7.540805,0.97843814,-0.6898931,0.41600564,24
18526,-15.957144,-2.4272518,-0.7856896,-0.51697594,24
78906,-23.263617,8.8168955,-2.355482,1.7429819,16
87503,54.387367,-4.91607,1.201439,-2.1169648,14
91672,40.79171,12.984537,2.8282928,0.75499725,28
161055,-24.306498,4.2802753,-2.6796503,1.2606235,24
33616,-34.206738,-25.966562,-2.0557892,-0.5008555,30
84207,21.603699,-22.855,3.4016032,-2.531489,36
18624,42.78581,-16.948738,1.2256864,-2.7267632,39
47217,31.59142,0.39930496,3.5916686,-1.8478391,8
1933,-42.044807,-24.586195,-2.2091372,-1.1920028,30
136463,-13.623025,37.762737,-0.7418802,1.728214,27
140875,-3.5292614,-20.654911,-1.3978453,0.15477192,10
124035,0.1711895,-23.20589,-1.093998,0.1895,3
64810,-34.42755,27.905922,-1.2519381,0.5697944,27
119285,-47.52014,21.88448,-3.313612,1.9373603,16
40065,-22.6603,38.558304,-2.5649595,0.5025956,27
32579,40.491356,25.30414,3.635098,3.0221932,28
139263,-4.4738293,-41.68995,0.7036692,-2.7837741,34
16058,49.047462,8.125881,4.004904,0.3915756,28
51548,26.34465,-13.936205,0.49598384,-1.5458534,17
65058,-21.879341,-41.98101,0.43115008,-1.532501,26
96280,8.5818,-43.557518,0.0008776188,-4.683966,10
93224,-19.487295,17.001148,-2.0563211,1.271066,16
75967,21.878267,-20.806885,1.892358,-2.063034,36
1979,-14.420189,-15.9906845,-2.3739228,0.13495022,10
125992,-53.74993,25.612732,-5.394085,3.557576,16
121113,-35.07475,-23.15723,-2.4813108,-0.9981082,30
73763,10.9451475,-10.673774,1.4562322,-0.83287066,4
60731,35.03047,25.639414,4.072915,3.4243166,28
14701,-0.4322759,-2.0431893,0.0467242,-0.40294594,24
75470,-25.868044,-38.084843,-0.8323934,-0.8184404,31
130277,26.675257,21.947018,2.406209,1.4503839,36
89121,-33.200115,24.20027,-0.824193,3.1949039,16
19838,48.352715,-14.109486,1.4207672,-0.893357,20
118367,-23.015934,7.9531655,-2.162425,1.6689422,16
80582,-19.693834,34.106766,-1.0010602,2.1623495,27
138164,-37.849594,-32.20281,-3.141212,-1.4290109,30
129174,55.097507,-4.6247835,1.3668004,-1.4928105,14
91037,22.634056,-22.399233,3.490612,-4.095279,36
71329,-42.370457,-29.576084,-1.8183721,-1.8276045,30
158947,42.14315,-21.823421,2.4288921,-3.3028495,9
28209,-47.605278,19.865677,-3.2100477,2.0894885,16
85486,-39.930172,-30.396923,-3.2152376,-1.7181606,30
153298,-22.105497,-11.869855,-1.2758594,0.3095676,26
39905,34.677925,-36.71857,3.8099275,-3.1233659,33
168146,7.5875964,-27.87726,-1.5508795,-2.1083515,23
52124,-51.042816,19.99251,-2.7284052,2.3152373,16
67382,-8.953093,35.66721,-0.042616963,-1.9839883,24
60473,45.81581,-21.431772,1.9948896,-3.8300865,9
13130,48.30055,-16.785164,1.8721958,-1.4757688,39
25781,-40.235275,-8.5533905,-0.13909376,2.0721338,25
100200,5.949186,-43.419464,-0.93574286,-2.8061595,37
89163,-11.119821,13.224181,-0.32147968,1.7560527,18
151959,23.81155,-37.87164,0.390458,-2.546154,10
27226,-21.759584,-27.414398,-1.2070426,-0.68162316,31
129479,11.61223,1.027207,-0.14075708,1.2703611,8
102553,59.173466,12.940342,7.276636,-0.33797258,4
163108,-19.134123,18.0997,-0.8347854,0.26276615,16
29043,13.125689,-3.569413,-0.50285625,-1.246985,29
68881,2.8140724,41.12455,-1.788496,1.5856144,16
11673,36.45043,-16.985023,0.5135672,-1.9891374,0
136370,29.744478,-38.955025,1.6022967,-4.011157,33
26205,-21.476871,34.617844,-2.649891,1.5170445,27
88007,0.08734827,-17.128239,-1.2720168,-0.4489048,24
75847,35.251774,23.81593,4.53608,2.6580434,28
34784,-9.197852,-18.746447,-0.34772122,-1.3840923,10
121033,33.546234,2.6161284,3.0448499,-0.3258404,26
106253,26.957968,11.9731245,1.7005688,1.0076827,18
117820,-8.270256,-42.157227,0.82275665,-1.5678966,26
61283,-19.547926,-28.288609,-1.6003156,-0.6536723,31
80358,10.575663,-12.360897,2.3990102,-3.5441382,34
157240,-34.638012,-33.07529,-2.5159822,-0.67361695,30
153670,4.106813,-8.057338,-1.3083817,-0.9770796,24
73600,3.0673704,10.961556,0.3693676,0.25724432,26
23192,2.963777,40.472466,-1.151321,1.1118457,24
72678,51.381153,8.603558,5.291288,1.3464838,28
44260,-21.024137,18.176552,-1.5814042,1.2946098,16
164520,24.014828,3.1067321,1.1685077,-0.25031698,8
135046,37.508953,-10.139306,0.78425014,-1.5227942,20
48568,-50.46797,15.208758,-3.886239,0.87227064,17
150082,-48.946976,17.302628,-3.9374847,2.414223,16
101620,3.2115307,39.504795,-1.2127374,1.0801306,24
21553,-52.432713,19.05356,-3.8723254,2.386474,16
6738,34.88058,-36.954586,4.759967,-3.6213257,33
15894,25.500439,-7.957382,2.1448097,-3.5579555,2
39094,-10.172498,-1.7688196,-1.765645,-0.19799286,24
59935,55.376453,4.755432,2.3623004,-0.8439978,4
65054,-48.938705,26.482994,-3.6149502,1.9253812,16
49667,-24.447077,-27.46907,-2.2307358,-1.0486171,30
156205,-19.22269,-26.08269,-1.4457417,-1.5505843,7
67943,-0.81028473,-3.9741526,1.0697666,-1.5360191,24
80956,-10.298346,-16.946589,-1.6895676,-3.5001724,10
140134,-24.927525,0.82539064,-2.8059886,0.93974555,16
29848,-17.073597,36.05983,-2.4604764,2.1197252,27
128429,58.180935,6.595051,2.3037443,-0.024095118,14
154261,-44.05682,29.379223,-3.3067648,2.3428602,16
59230,31.05602,-23.261747,1.1542314,-0.47837538,28
122671,-12.270528,-25.364542,-1.2334356,-0.76111525,10
53040,24.990313,15.44711,0.89490235,1.8088229,24
93284,0.14990588,41.223133,-2.1928372,1.8169849,16
127519,14.341688,-1.7420434,1.1563927,-0.6888347,5
11322,-5.6557407,-40.94012,0.344195,-1.9962935,34
151291,-10.866827,13.118892,-0.79112715,2.2305725,18
116337,17.35645,-4.09492,0.6562015,-0.7359701,5
31392,4.1318793,-6.7848654,0.39180517,-1.2617514,24
143020,43.591564,26.070486,4.125285,2.4975183,28
168701,-11.259211,-1.3231728,-1.0511775,0.36671174,24
151865,34.845375,21.91129,5.797285,3.3030195,28
17719,28.38346,32.4327,1.6102065,3.4625382,28
121053,1.8746839,39.91592,-1.2613643,1.0792029,24
81509,35.91786,14.948264,3.0633674,1.0150247,28
94070,41.666412,-18.238262,3.5164118,-2.9724386,39
96318,-53.22627,29.045,-5.0471954,4.2967315,16
73238,17.305801,35.48281,4.9983497,3.7480407,28
117386,8.919642,-26.603771,-0.20330787,-1.7533596,23
151047,27.1022,-37.799133,2.1110816,-4.6807365,2
122353,1.3883502,40.815746,-1.71715,1.4342439,24
156561,14.998824,-6.312045,0.07113516,-0.62596935,4
90164,43.640587,31.646345,7.45257,4.831524,28
15815,25.435768,-40.34401,1.3193926,-3.5330427,2
158525,45.17154,30.148512,8.536104,4.7657433,28
59066,-14.395234,1.9807436,-1.9995987,1.6825199,24
169038,37.45732,-16.355257,2.73273,-1.0878339,34
130897,-2.6021717,36.53938,-1.4075745,0.6107556,24
63341,11.95313,28.243933,0.35696495,1.7172506,16
69900,-36.39107,-25.766031,-1.7451274,-2.0653188,30
103484,32.03948,29.29559,2.0244641,2.2844012,28
137270,49.359222,-18.807894,3.0956354,-3.2300315,34
91867,35.83883,25.058058,3.570582,3.1630294,28
21679,6.4366164,-42.52699,-0.23492432,-4.022345,26
128316,14.972117,-40.628872,-1.539887,-3.3615673,2
50323,48.90359,7.623902,3.9529977,-0.036225617,28
54919,-17.063822,-7.73188,-1.2913386,0.64726835,10
97237,0.04714351,38.098137,-1.4572022,0.6194832,24
168376,23.998175,3.636581,1.6202911,0.8145705,8
149043,17.61366,-8.917203,-0.41902715,-1.8521247,37
55327,-18.061287,-30.387789,-1.5017048,-0.7745338,31
151528,2.1272762,41.456223,-1.8553097,1.5966523,16
106346,-13.623718,-5.773206,-1.1957295,-0.26974702,24
139411,-35.64667,13.654457,-2.6258175,2.0722644,16
18094,-39.99093,-20.972689,-2.5383015,-0.7347087,10
162872,-18.024307,-23.16394,-1.7004542,-1.3240204,16
130952,-3.2719142,-37.453667,1.6640986,-0.69651955,31
74586,-12.2975,-7.174262,-1.1113331,-0.5895259,24
28050,-8.218832,-12.752533,-0.5704723,0.07995987,10
70862,-6.6333995,1.177844,-0.55358213,-0.15371794,24
90081,-19.712786,44.01119,0.22823381,-0.26197743,27
87291,-11.215901,24.901253,-2.0989647,-0.26178265,24
153737,30.01381,-17.064535,1.9973692,-4.2509108,34
63383,48.232502,21.261885,5.2234244,2.640825,28
81574,-33.27833,-30.299603,-2.7521024,-1.4998469,30
48094,35.748478,-18.807825,0.7176479,-1.4499974,20
154549,17.458588,11.624685,0.060440183,2.0764122,6
137375,43.999825,11.394355,2.6610866,1.7220726,28
55128,-43.6094,8.512554,-2.6262195,1.7028623,16
14237,44.885826,-18.380196,1.5254492,-2.2873232,34
35479,3.6254704,-12.747768,-1.4314996,-1.7303696,10
148167,45.259308,8.985603,2.6068177,0.22249681,28
25671,-23.72731,-33.761124,-0.8782443,-1.9675369,26
108011,25.172224,-24.687098,3.82405,-4.9307194,36
126444,30.723257,-39.81998,3.3611279,-5.7924423,2
14556,8.109368,9.641609,1.6062437,0.8263686,28
28030,-13.771095,18.061468,-0.47815454,1.5405805,25
14227,7.779279,-25.97779,-1.2493082,-1.8019941,23
75512,24.80197,18.051716,1.3183855,1.7898047,8
129093,-20.579945,-0.9546134,-2.6025233,0.7802461,16
64826,-26.03306,9.281299,-1.7629708,1.2730687,16
120584,16.028492,32.053177,0.98219883,2.1349587,24
164533,31.56932,2.3284972,3.032628,-0.1650489,8
87889,-22.597837,32.262325,-3.037141,2.131862,27
106290,1.4649553,-34.59912,0.9567417,-1.0957446,26
50781,46.290466,20.412203,3.6418834,2.1285555,28
38172,-14.031741,-16.384766,-1.1840761,-0.85192925,10
41369,-38.812157,2.0537937,-0.9825587,-0.37183946,24
24341,22.430525,24.972048,1.8945938,1.2750785,8
165173,-29.62197,-35.51823,-0.44668216,-1.1986713,30
150783,7.593208,-23.517868,-0.9402817,-1.1561198,23
126241,-23.614605,2.4530156,-2.9315364,1.568239,24
40166,-43.87492,-34.176388,-5.021966,-4.11171,30
158681,-35.22654,7.371572,-3.4500127,2.0899782,16
77595,25.002104,-26.996122,2.8464627,-3.8251817,34
1189,-31.041801,9.822614,-2.5900722,1.9531105,24
75845,-24.633623,-39.82832,-1.4966938,-2.325606,38
165284,-42.293106,-10.436635,-2.1752279,1.5741351,24
98190,21.067766,33.078293,3.7190604,2.1836956,28
44157,2.4050653,-12.614637,-0.14313161,-0.41494888,5
16062,12.61775,-40.55289,0.45699263,-1.8398886,22
107426,16.180151,26.5009,1.3030072,1.864841,19
50371,28.643467,-8.813209,-0.41612035,-2.4374168,2
154668,-20.890413,-5.7967076,-2.6483824,0.6596889,16
62686,-15.172728,-36.47412,-0.78324026,-0.6149165,26
102959,-14.311283,-17.652983,-2.005368,-1.1422768,6
161477,3.3500457,13.254519,0.70883334,-0.77671415,28
84400,-19.169107,40.27594,-0.75833005,0.93024516,27
79501,21.840906,31.858828,3.1370296,1.9964671,28
51709,-20.588013,31.392895,-3.1595678,1.6946661,16
86318,-41.88345,13.141904,-1.9858978,0.61120826,16
108847,-13.038259,28.435673,-2.00535,0.46081552,10
151273,40.482304,-8.001013,2.2094789,-3.4276378,34
139107,48.640026,-19.89437,2.6273336,-3.5583122,34
67711,60.141285,11.6116085,7.223297,0.5014568,28
63748,16.28299,-11.431904,0.07551348,-2.979543,37
35254,57.05475,9.752217,4.627276,1.0022426,28
52770,-42.869812,23.190466,-2.8374302,1.4880221,16
52315,-28.901306,9.01777,-2.616394,1.8956196,16
89575,-28.385778,29.216448,-0.7997755,0.39212096,16
122966,42.385056,12.43753,2.413034,0.56861234,28
147374,-28.774391,17.816755,-3.0926814,2.185628,16
63008,-26.352242,-31.796392,-2.1190004,-1.9388266,30
89097,30.604786,-18.54014,2.587099,-3.6389582,34
120563,48.57308,19.079971,4.560515,1.0011082,28
151064,-7.8297997,8.733506,-2.1544008,0.77856314,10
152768,8.376772,-8.780697,0.13648653,-0.65815276,24
122861,27.014751,14.028689,1.8657829,1.061146,8
118162,28.39619,31.521029,3.171318,3.499242,28
139493,-37.05457,29.59234,-2.6888146,1.3320656,27
95151,47.701935,-22.973984,2.8527045,-4.3968053,34
74604,46.053978,-18.22181,2.1440969,-2.2539482,20
110755,-36.96613,33.187874,-2.7519484,2.3344386,27
43811,9.731968,-3.7260702,-0.9262787,-0.11818385,5
126632,44.799637,-16.168219,0.9220005,-2.655812,34
86353,8.607438,-18.478918,-1.5986674,-1.0514166,11
99308,45.345387,-21.034672,1.7189173,-3.5870864,9
67873,48.880848,15.551401,4.754812,-0.110891104,28
58078,-4.4285283,-13.52514,-0.3752718,-1.0716562,24
164939,-3.7133741,-10.815831,-0.58327353,-0.31915253,24
6201,-10.097725,-13.947171,-1.7231783,-1.5011597,10
62567,31.592405,25.676455,5.396471,3.6493149,8
76560,-2.5611105,-13.080174,-1.5515882,-1.21105,24
163801,13.264587,-30.419544,-0.44108295,-2.169382,2
153938,-9.947115,2.3939793,-1.843876,1.4073049,16
126070,13.519583,-13.619188,-0.81716967,-0.8133432,37
86077,16.8029,-8.671349,-0.74435914,-1.8199847,5
19415,-14.192201,-31.578005,-2.2966552,-1.0210352,3
108660,-33.804253,-15.974755,-2.0368075,0.5539559,10
93032,32.27883,27.456062,3.7351866,2.6779227,8
106554,49.0103,-20.275738,2.490706,-2.4974227,34
146581,-9.779755,11.151089,-1.8943346,1.7258167,13
88110,-10.092322,-4.5385113,-2.2029984,0.7673552,24
41827,29.176075,10.234637,1.5121609,1.0193577,8
154518,15.828956,33.443882,1.5342532,2.7304187,28
3493,-30.950447,-4.5060678,-1.7579256,0.6021279,16
18812,-17.777851,2.2169626,-1.019708,-0.039070904,13
164519,-19.916777,3.2677026,-1.6715225,1.4301243,16
144900,-3.176286,-3.9969234,1.2438542,0.37043765,28
86396,-55.99169,23.29138,-5.227472,4.006596,16
110833,-38.500313,-24.572891,-2.9080143,-0.9534634,30
156182,27.71971,11.313392,1.7866317,1.4606714,8
39068,-21.908154,39.607685,-1.8783808,1.4389606,27
163488,-31.226461,-23.091928,-2.2781425,-0.46353918,30
115994,28.049677,-36.293198,1.9420398,-3.6163528,9
14144,-25.212345,-43.04952,-0.72746736,-1.6505632,38
120665,-30.876522,-5.347898,-1.977685,-0.48443228,16
87853,-22.976366,37.038,-2.8970428,-0.30596155,27
153307,2.8527987,42.854412,-2.6710038,2.3717122,16
30914,38.583107,24.154856,3.7451196,2.1743581,28
43832,-46.407215,7.623542,-2.9612951,1.2333992,16
102446,-35.383846,-30.019457,-3.0445065,-1.2207897,30
109457,51.3855,-15.980088,3.2065277,-2.7119482,20
104473,30.496136,24.426956,3.3632078,3.6925592,8
123280,-3.1802478,-2.8885033,1.733684,-0.48537153,28
1837,-22.154385,31.900894,-3.2314448,2.1529036,27
119041,18.111263,-1.2935454,-0.22005033,-1.7982647,22
101775,-1.9055221,-24.249025,-0.48253787,-1.3832712,6
169239,-17.454548,-37.912075,-1.3491797,-0.64821213,24
124327,16.56746,-23.089397,0.9636508,-2.5777001,36
91845,-14.695461,38.16312,-1.7973738,-0.05632609,27
44752,-56.81376,20.077469,-2.8094223,0.83322626,24
34264,-8.617299,1.9266112,-0.7716573,0.47135812,24
35870,45.5806,27.697948,5.660148,3.4594913,28
150994,23.266544,5.0787635,0.8288053,-0.602238,8
75455,-15.3127365,-31.43599,-1.8581839,-1.0799644,31
19331,-29.019945,12.319874,-2.567297,2.123156,16
50576,-8.869288,-40.93344,-0.24814522,-2.3947165,26
38372,-50.57679,23.932476,-4.090848,3.1476126,16
102298,16.885654,-22.012882,0.5240233,-1.630203,36
31729,-16.953522,42.318985,-0.22824955,-0.6969827,27
26369,-22.840925,39.16869,-1.7849455,-0.22362494,10
111586,-6.8021207,-31.412287,-1.3748397,-1.4305949,26
131951,24.91123,-27.71778,1.9524344,-3.5745118,36
56871,-6.5885406,3.434457,-1.3317018,-0.089773536,24
19396,11.135181,-34.784924,-1.81828,-2.4661584,22
88174,15.91922,-39.997154,-0.124863744,-4.1290236,2
8449,15.234842,-4.641238,-0.0064661503,-2.2427568,2
72165,38.649025,25.828533,4.035886,3.327149,28
55045,17.598343,-39.373974,-0.036253214,-4.8613787,22
144259,24.267033,4.383233,0.949005,-0.3714214,8
136026,-20.997396,-22.536966,-0.8575131,-4.2541456,10
16655,-20.695534,26.530342,-2.2686312,1.433184,24
146040,17.629524,4.3348856,1.3894116,0.44884193,4
29945,39.132553,-18.53149,1.1799921,-2.5297053,34
82786,1.985923,41.461845,-1.9805748,1.6673937,16
131553,-28.854694,-28.067368,-1.9743285,-1.8391626,30
16678,34.217136,27.947424,3.8348732,3.1971993,28
87669,49.113148,12.476221,3.779231,1.4615314,28
164354,12.3976755,-38.03044,-0.5709697,-3.6460812,2
124009,5.7166452,-15.355407,-0.34736037,-0.5390658,13
39739,24.15289,-6.6441426,3.234055,-5.1851993,5
56935,-8.766538,29.444363,-1.6996769,0.91152203,24
52162,24.668972,-28.06697,1.8339859,-3.4716222,2
164694,-38.24779,6.5367565,-2.335238,1.4564531,16
98016,-39.587284,2.2151458,-0.68397665,-0.14565736,31
13069,-39.472736,-30.12153,-3.1458502,-1.8075948,30
4444,-35.028664,18.072678,-2.9368734,2.052171,16
148478,56.270123,11.0710945,3.9184165,1.7463653,28
3951,15.704902,-42.11865,-0.5556381,-4.2183957,10
153649,29.553055,31.96984,3.1540403,3.492247,28
33838,1.2487478,-0.599768,-0.7444373,0.4927596,24
20213,-28.889786,-20.901453,-1.3630695,-0.17234409,30
72034,-27.607843,-36.708603,-0.20287526,-0.5761358,28
82775,-4.1595902,6.2926416,0.17402637,0.13264126,24
51547,-46.90528,5.353594,-3.7816267,1.0230653,10
16657,-28.055151,0.797234,-2.8196428,1.3460758,16
154696,40.297016,15.770366,2.9637198,1.6771631,28
44234,-19.267567,19.638685,-1.017694,0.74197525,17
92483,-20.695004,36.978943,-1.116912,0.28907156,27
121885,19.111727,-22.58724,1.71045,-1.3951688,36
42328,-10.1219,-0.7141266,-1.1186498,0.057124138,24
159103,-10.939366,12.822997,-1.0323621,2.076737,24
31294,16.575739,-25.299032,0.40836,-2.3671355,2
101956,9.895872,-19.119839,-0.8839431,-2.6071484,11
2717,26.311047,-37.842396,1.0330347,-3.2919245,2
98964,-34.431324,-17.023153,-2.535821,-0.65200776,30
156031,13.748232,-34.269745,-1.298217,-1.6920238,10
151017,28.454952,14.19056,1.8133649,1.0105077,8
10178,-21.842175,-0.8476948,-2.6722164,0.5801209,24
118126,48.628902,13.571228,4.068071,1.0079908,28
201,50.934597,-17.321741,3.411789,-2.643071,39
125666,1.022504,4.372076,-0.46119285,-0.56426066,0
136390,54.607662,17.53087,3.8375602,0.92524016,28
6098,-45.72443,20.184864,-3.5232916,2.584683,16
73473,40.41893,17.44767,4.0436187,2.203372,28
197,-9.710887,-41.121532,0.37522244,-1.6439593,26
30061,2.2742546,5.6992726,1.0059165,-1.3549485,24
129123,24.683187,-8.322149,1.1446935,-3.2969992,5
112796,44.50763,-2.4526129,2.9406204,-0.5022314,39
134807,-18.065315,1.1768847,-2.3686295,1.0455545,24
89040,5.0852447,-41.691795,-0.37546253,-3.303678,37
70073,45.33045,15.191736,6.3569684,1.3514073,28
52244,-8.857606,42.18071,0.45489407,3.0285254,19
106436,-21.065369,-5.9573245,-2.5997329,1.0016086,25
135922,7.4478083,-38.203773,0.051623702,-1.1537869,4
1538,39.603443,26.925594,4.726918,3.2069628,28
8122,-52.02294,12.520385,-3.8160596,1.684315,16
87269,31.746826,-9.723692,0.4115677,-3.6524684,23
164210,24.956142,33.39825,3.2345433,3.3256645,28
49500,-2.2982864,-0.8688425,1.6202604,0.39524272,24
125166,14.136061,-45.22366,-0.30950987,-2.7119575,10
35012,-28.879976,6.51351,-2.7990875,2.0146108,16
158905,38.328915,-21.864359,2.0251489,-1.6811128,9
24950,-36.397427,12.392969,-2.8597295,1.9557593,16
81614,50.03598,-21.255836,3.0847793,-4.488414,34
1040,-13.812413,-5.626075,-1.1125154,-0.4346339,32
26504,-25.94933,-2.9861147,-1.8877469,0.2760182,24
145992,-40.408394,-28.44719,-2.560857,-2.4082713,30
17109,-35.190704,7.995233,-3.0369396,1.780132,24
149176,-33.78397,-25.259571,-1.8664603,-0.32121426,30
109870,34.923992,18.794483,3.2159433,2.6344836,8
136636,-51.967464,30.271273,-4.569818,3.8770316,16
140084,15.515733,-28.508753,0.11951125,-1.9036164,36
129790,32.313,10.347096,2.4622846,1.5669179,7
140618,16.484238,-9.677811,-0.27362442,-2.5750809,5
92831,42.172062,28.32764,5.5145745,3.3122966,28
21701,-16.455282,-38.760742,-1.0472915,-1.3507254,26
16006,23.587727,7.559716,0.6301671,0.8794042,8
131210,41.821747,-15.31613,0.5978942,-2.919775,39
166459,0.8752956,-2.3800664,1.4410123,0.16688019,24
33137,-24.13816,-37.167603,-1.2928444,-0.5900087,38
53708,-8.544766,30.961514,-1.6897589,-0.2995469,10
73812,32.95908,-36.246136,2.3684502,-4.757991,34
58148,-26.804659,7.073603,-2.9766235,2.3171854,16
2375,-37.16811,29.836185,-2.5410728,1.7272046,16
16243,0.5717514,-20.959515,-1.9424932,-1.1803925,10
44668,7.53828,4.1933856,2.7623324,0.3911119,0
50881,-29.319107,-24.56132,-2.3238099,-0.5935556,30
39509,-16.28036,-31.420403,-1.6978315,-2.5684166,26
32763,22.644655,-0.6286533,3.8076897,-2.8008177,8
76882,-31.406504,-30.30934,-2.1510098,-1.334316,30
144703,-6.845954,-31.362883,-1.0128793,-1.3885157,6
81660,-56.629288,20.917427,-5.4773574,4.056911,16
28137,34.040173,21.673756,4.430373,2.578081,28
27760,9.632201,-29.77017,-1.5040982,-2.721833,23
138778,16.680445,-42.052124,-0.469828,-4.802876,2
94849,3.9424324,-28.165688,-2.093393,-2.7062984,23
103997,-53.30373,23.624279,-3.7087746,2.3576334,16
62556,-9.985988,13.051507,-0.6454439,2.5672379,18
150565,34.497524,20.37805,3.0673256,2.2982879,28
159880,-23.178234,-38.55573,-0.80662584,-0.58568305,31
79420,15.74998,-38.841866,-0.27913618,-3.7343652,2
84140,-5.7567654,-10.047354,-0.87933517,-0.90643936,24
66530,17.320097,-34.394085,0.7962111,-3.6084087,23
142919,59.42874,11.929903,6.0829754,1.7040224,28
14607,-5.1767907,-3.7938573,-0.63372266,0.3400288,16
72919,-4.8933764,-29.022394,-0.46442688,-0.5974465,24
165930,-22.677858,2.5669112,-2.255574,0.999724,13
142805,-45.183117,25.078337,-3.0595412,2.1726255,16
69097,3.7893753,-28.195936,-1.5445151,-1.520808,6
42745,11.864521,-37.611473,-1.148901,-2.912284,10
73864,32.962772,-5.4262314,1.4085528,-2.141247,5
154766,-43.967403,18.527084,-2.3934383,2.3209083,16
18352,-32.28068,16.309965,-3.594492,2.0771756,16
133381,-51.960785,30.354677,-4.8160596,4.105222,16
106235,-10.264508,-7.8255277,-0.030314803,-0.8327802,24
131125,36.80765,-18.556648,1.4266838,-0.9435721,34
2721,-20.640942,-27.906263,-1.6762631,-1.5868397,3
158897,-7.922301,-16.859123,-0.8916843,-1.611933,10
29816,-25.432188,-28.38769,-1.537934,-0.8943791,10
58944,-43.588673,-6.307156,-2.5710495,1.7785802,16
111029,-35.46197,34.006485,-1.293629,2.1489444,27
115421,-39.946125,27.025364,-1.6871706,1.9474127,16
8270,42.841675,-13.303647,1.333882,-1.370821,34
156155,7.338318,-43.307198,-0.6664039,-3.0074646,37
30641,19.467445,30.700394,1.866973,1.8570068,28
123436,19.804092,-3.8126607,0.75665534,-1.1016109,4
78109,25.005152,-32.560852,-0.24993944,-2.6684763,2
2760,43.976437,-18.89831,1.1548544,-2.8169005,9
43196,-38.026833,33.24177,-2.8740706,2.7951927,16
139042,-3.9300838,-7.357434,-0.18437934,-1.0278738,24
105490,8.767176,-0.9374104,0.1707766,-1.5554512,5
33671,-38.303642,30.806742,-3.1957715,2.48027,27
114118,4.0156465,39.591755,-0.8948643,0.89628774,4
3142,-32.918602,13.10245,-2.6583943,2.5556638,16
53491,-15.956475,10.654315,-1.6183444,1.916302,24
43682,-23.708706,7.316487,-2.2487605,1.703897,16
30575,56.78824,12.113055,4.71601,3.1189213,28
101375,30.30488,-39.57821,2.918065,-5.3254128,33
24266,-33.26221,-23.558704,-1.9842782,-1.3286719,30
76306,-36.78652,-31.751522,-3.0327387,-1.7551465,30
19375,3.069926,-43.113907,-1.1382267,-3.129087,37
148881,37.3506,27.434383,4.5709496,3.650837,28
107968,23.682194,-40.586426,2.0149994,-4.826632,2
131804,56.113888,11.169897,3.409545,0.89515424,28
44685,32.80937,3.9657068,5.302763,-0.7731666,8
54185,19.007133,-10.027743,0.03253317,-4.8728485,37
88630,-20.960049,18.211126,-1.4111646,0.31323785,20
157610,-26.760134,-7.440588,-1.1566095,0.43115535,24
67755,44.886227,-25.381193,2.6664934,-5.076434,9
14776,-45.661633,12.175945,-1.7801021,0.46177822,16
110106,-17.653091,-35.21432,-1.9781563,0.28930876,26
26871,-16.408867,31.605257,-1.6733022,1.2552245,27
89961,-44.008102,30.914904,-3.3682413,2.6836135,16
102682,-50.878014,29.988518,-4.3147726,3.5935025,16
51603,38.141304,-14.882226,2.3786192,-2.2901227,34
71056,-25.454193,-0.2741465,-2.2943225,0.8091801,24
67674,25.34056,-19.477924,2.6157494,-2.057006,36
105049,2.8876777,-42.77997,-0.813104,-1.8615942,37
88021,-8.194736,2.0911279,-1.2802768,0.8033131,24
141470,0.99582607,-6.698867,-0.14700222,-0.61725026,24
68981,-18.839918,39.899937,-1.3949044,0.8019723,27
56489,-21.32976,32.608814,-2.8506458,1.9596922,16
57734,-40.626083,-22.860012,-2.8684886,-0.69898397,30
154411,41.475098,-18.456827,2.237337,-2.3738549,26
61717,25.027124,-18.117367,0.95572436,-2.3055296,34
107880,40.53635,31.734024,5.5823526,4.3626943,28
6610,22.176956,3.5961752,1.1003765,-0.7354931,4
143817,29.529474,30.554155,2.0652137,2.418608,28
119381,35.168373,21.116072,5.249924,2.9646022,28
75467,-16.662907,38.30559,-1.9463704,0.8796583,27
89332,-3.4141147,-6.3929048,-0.003671527,-0.67904073,24
16670,-20.174576,-22.588896,-2.264971,-2.4558446,10
35480,37.3155,-18.866236,1.6483063,-1.2032862,9
165061,51.32371,-15.638234,3.7148871,-1.5575826,20
116146,49.054455,-16.647474,1.5792881,-2.1818829,20
66792,-11.8148985,36.680904,-3.0472484,1.4203672,24
132908,-19.894976,-0.27906355,-2.110111,0.6581107,13
45512,-13.909092,6.4703436,-1.7772461,0.9810379,24
129818,37.751923,-21.122616,0.98588145,-1.9748585,39
60209,-30.466022,4.527923,-2.9201844,1.9031637,16
165918,-34.392204,1.4668981,-2.7877197,1.6074555,16
88225,47.34622,-24.220472,3.1398811,-5.809093,34
137996,-7.4380727,-39.626156,1.0761963,-1.1885433,26
124530,39.939754,-18.907248,2.7427492,-2.9870942,34
24159,-25.050568,-38.923492,-1.3182411,-1.0869467,31
3521,2.3863509,38.82331,-1.2223692,0.6907979,24
104852,40.299343,18.327782,4.254757,2.117792,28
29552,-45.498615,22.980843,-2.896566,1.6226684,24
56140,-41.46004,13.749922,-1.7044603,0.85502505,16
15821,-47.2473,9.052292,-2.3725002,-0.07592857,30
138634,16.793236,36.314957,6.8734026,3.8662095,28
13542,-12.80178,-32.918568,-1.8531924,-2.4321258,26
41027,-44.142277,18.862652,-2.8918786,2.4481723,16
94143,-0.10470764,-2.1868124,-0.046506763,-1.0321033,24
120328,47.4507,-20.093624,2.702561,-3.6520264,34
66229,-15.0184555,-35.00573,-0.64426106,-0.7433123,3
98650,-37.687946,33.478817,-3.036082,2.693528,16
68575,25.372803,-6.847145,2.9924726,-3.9612072,5
102807,21.000113,-9.402511,1.3964347,-6.537058,37
88321,-57.09168,22.693747,-6.74151,5.2817717,16
153436,-42.529144,35.911522,-2.7645745,1.7809227,16
164659,15.108455,1.6623486,-0.46545398,-0.42770988,4
67416,-17.678726,-37.219807,-1.5744044,-0.6089416,31
4228,15.817743,7.4120283,2.45579,0.6733515,4
41544,38.928684,25.181076,3.3526764,2.6986456,28
844,-7.256591,-18.034094,-1.3955365,-0.8382177,10
118054,-47.07579,-9.2021675,-3.2803197,2.244362,25
22173,40.73538,-14.63415,2.4481359,-2.0947063,34
163200,-35.010746,9.589409,-2.623835,1.3749573,16
16144,20.869122,-40.952892,2.4790769,-6.303728,2
61802,-17.163626,9.928185,-1.7740333,1.7346847,5
168099,11.8719,-41.941563,-0.67895,-2.6083245,10
101443,59.27752,15.45606,7.7477617,3.138533,28
9194,-25.908274,-42.023285,-1.0112753,-1.9464145,38
95754,-4.185668,-9.70911,-0.13869298,-0.18359363,24
168168,32.220577,-23.824831,3.2173767,-1.7455556,9
48224,-30.654308,9.474,-2.7085838,1.8308661,16
154054,-14.97647,12.685698,-1.50962,1.4730744,5
101761,0.7358665,40.860218,-1.8673816,1.413435,16
52276,37.86705,22.045681,2.732234,2.0039577,28
138471,33.946445,30.904774,5.861927,3.8468444,28
85735,19.844374,-4.6727457,0.7832271,-1.4623971,4
94275,-44.55331,16.296999,-1.7832471,1.12619,16
101816,24.921125,-24.477634,2.7065501,-3.4313958,36
105397,18.583054,-2.5320914,0.26522303,-1.9938846,4
4404,51.66912,0.5392459,3.8583217,-1.159929,28
78955,2.4424233,-17.033092,-0.16327691,-0.5567444,24
131698,-21.996445,-11.83573,-1.4456805,0.256817,24
73405,39.981655,14.884897,2.9737425,1.2368991,28
53199,20.848204,33.256123,3.7489223,2.4038882,28
5216,-6.5638423,-6.3325644,-2.4934459,-2.3929002,24
42660,49.227898,17.89937,3.5314927,1.9804819,28
20697,0.8576826,-20.83494,-2.2869723,-1.0460434,13
153431,-8.8218355,-42.267597,0.2779504,-1.5326734,26
102418,-5.48711,-40.15855,-0.7271339,-1.3374138,26
5991,20.071775,27.454292,1.5240635,-0.11078006,34
111506,-3.6975062,-34.212517,-0.8332438,-2.354945,10
76430,40.086876,-7.309968,1.8450156,-2.620938,34
19916,56.17281,7.32492,4.5889893,0.7019926,4
11293,49.993538,-14.010737,2.4075928,0.034459233,20
136548,35.940132,-12.061498,0.008115172,-2.0795288,5
46552,11.410069,-20.418465,-1.1137453,-2.2986948,10
41116,-44.43466,20.127241,-2.9413292,2.306561,16
84911,20.359747,31.236498,2.4507856,2.5830686,28
69511,-8.275802,-12.797493,-1.2382168,-0.5390292,24
121472,-11.575176,30.8237,-1.7855774,0.28044575,24
63419,-10.381461,-17.787598,-1.0287524,-3.6169665,10
143470,-34.03226,11.518578,-2.5488145,1.7353675,16
63154,-28.22965,18.8945,-2.7602472,2.5472803,16
106498,-23.664059,-28.706327,-1.8175967,-1.2767353,31
18832,-33.829903,-16.066198,-1.924664,-0.2857871,10
19670,-6.9470973,2.7676563,-1.7424943,0.8248055,24
85238,-46.991543,19.613342,-3.3315432,2.026536,16
21163,-34.20422,32.524548,-1.7018132,3.1254666,27
30023,28.115593,24.71166,4.0738516,1.8327467,28
156597,-6.99652,-18.173914,-1.1430411,-0.74429244,10
18596,59.999866,11.234911,6.212928,0.5687296,28
104189,32.367203,23.932709,4.7662168,2.8408644,28
137442,-28.980602,9.353257,-2.795951,2.0681736,16
13753,23.994701,-15.074284,0.06715,-0.9911602,34
111242,37.359447,17.611742,3.5629344,2.2333682,28
116451,-28.669481,16.414848,-2.0241437,2.025632,16
157853,-13.680315,10.591111,-0.66935635,0.34962383,18
165003,-25.683657,-42.09984,-1.5005172,-1.7547922,38
131355,-3.3606884,-43.132908,1.6356963,-5.497002,34
1328,-43.92387,32.019897,-3.1972804,2.5574129,16
21776,20.027645,-0.63211995,2.1347141,-2.3399892,4
43948,45.501087,34.122673,7.5485916,4.3073015,28
19336,54.919975,15.497963,2.7397766,1.9860508,28
23420,-23.92683,-7.551001,0.12241638,3.1306856,28
149170,-32.54918,23.213192,-0.26704776,2.759516,16
130844,27.19817,-27.70615,2.2213736,-3.6341665,34
24764,49.57101,-23.417067,0.95337856,-4.0888076,34
116898,-29.22869,-26.529,-1.9241395,-0.9444873,30
90423,-16.486506,-25.594572,-2.6458051,-1.9143136,31
111412,32.92928,25.264175,7.1784363,3.3250496,28
5071,-33.673595,-29.834908,-2.7438293,-0.9990055,30
41997,-8.457987,-6.2933636,-0.77313626,0.43877187,24
40895,3.3241158,-25.275904,-0.9311521,-1.3540895,22
88417,-20.951378,41.011475,-1.6449643,0.38728175,27
7443,47.532288,-21.211933,2.8965883,-3.5740807,34
153352,-24.19544,5.965529,-2.4093673,1.8086042,16
93087,49.018078,15.672125,4.1720924,0.689235,28
55106,-15.707957,-0.662867,-1.0737793,0.78769505,24
68390,-35.086708,15.736656,-2.73113,1.7610526,24
119866,-29.479115,5.3682513,-2.8711045,2.0282106,16
62381,-1.9765692,1.1517402,-0.15304303,0.37569764,24
73761,-19.798986,4.447356,-1.7738862,1.066552,24
123677,25.392984,29.00088,2.557436,1.8752277,19
143539,46.94242,-15.978483,1.1056432,-1.841347,20
43896,-20.067314,-35.907143,-1.5370915,-1.0559621,30
94953,0.5785168,-19.12205,-1.8217709,-0.75426775,24
97962,28.867308,-15.531953,0.34259224,-1.8623042,16
104850,2.381106,13.498211,0.0072788,-0.0307343,19
114581,-43.89025,-6.6530976,-2.8464155,1.4206462,30
147371,-7.201827,-14.578085,-0.587777,-1.4983523,10
110765,-3.8722122,9.596993,-1.3707678,0.68816614,13
43157,47.388134,18.853683,2.9977055,1.7463896,28
33362,-22.05807,4.429619,-2.0927103,1.2070327,24
150721,20.726715,-32.192696,0.11512518,-1.5335212,11
61406,-49.414547,25.899872,-2.8464785,2.4331317,16
77291,-33.982327,-21.008957,-2.4744434,0.90455216,10
11597,-36.033867,15.98624,-2.292307,1.7396185,16
67064,25.112295,-24.566692,1.7795447,-3.3413146,36
11177,-12.504584,22.14887,-1.8235183,1.0176456,24
160249,19.275051,33.51275,3.6681967,1.2563362,34
129470,-14.737969,-31.68762,-1.5774968,-0.52641124,3
80451,-16.563957,-35.231514,-0.5354764,-0.20617574,26
152943,-40.562916,-24.270735,-2.4215288,-0.7086832,30
119019,-13.244572,33.73004,-1.7153145,0.8472611,24
85079,-13.18802,0.8404464,-1.5105102,0.24651918,16
150412,-15.289005,-41.6565,-1.723692,-1.5934241,26
